SalesOrderID,OrderDate,ProductID,ProductName,Quantity,CustomerID
"SO-9001","2023-03-26","P103","Golden Cocoa Truffles","169","CUST-1499"
"SO-9002","2022-10-08","P201","Mystic White Chocolate","185","CUST-1462"
"SO-9003","2023-01-10","P103","Golden Cocoa Truffles","100","CUST-1333"
"SO-9004","2022-11-18","P201","Mystic White Chocolate","168","CUST-1114"
"SO-9005","2025-09-15","P102","Enchanted Milk Chocolate","106","CUST-1042"
"SO-9006","2022-05-09","P103","Golden Cocoa Truffles","137","CUST-1303"
"SO-9007","2025-05-03","P103","Golden Cocoa Truffles","152","CUST-1004"
"SO-9008","2024-07-21","P102","Enchanted Milk Chocolate","169","CUST-1092"
"SO-9009","2025-04-02","P102","Enchanted Milk Chocolate","101","CUST-1345"
"SO-9010","2026-03-25","P102","Enchanted Milk Chocolate","198","CUST-1263"
"SO-9011","2022-05-27","P103","Golden Cocoa Truffles","37","CUST-1012"
"SO-9012","2024-11-06","P102","Enchanted Milk Chocolate","101","CUST-1416"
"SO-9013","2022-09-27","P102","Enchanted Milk Chocolate","164","CUST-1209"
"SO-9014","2025-04-08","P101","Magical Dark Chocolate","108","CUST-1429"
"SO-9015","2024-01-11","P103","Golden Cocoa Truffles","26","CUST-1422"
"SO-9016","2025-04-26","P103","Golden Cocoa Truffles","155","CUST-1377"
"SO-9017","2025-09-10","P102","Enchanted Milk Chocolate","16","CUST-1426"
"SO-9018","2024-02-11","P201","Mystic White Chocolate","98","CUST-1090"
"SO-9019","2024-04-17","P101","Magical Dark Chocolate","13","CUST-1192"
"SO-9020","2025-01-03","P101","Magical Dark Chocolate","162","CUST-1041"
"SO-9021","2022-07-02","P101","Magical Dark Chocolate","55","CUST-1299"
"SO-9022","2025-01-24","P101","Magical Dark Chocolate","69","CUST-1256"
"SO-9023","2022-12-18","P201","Mystic White Chocolate","70","CUST-1251"
"SO-9024","2026-02-15","P103","Golden Cocoa Truffles","115","CUST-1439"
"SO-9025","2025-09-16","P201","Mystic White Chocolate","60","CUST-1208"
"SO-9026","2024-09-19","P102","Enchanted Milk Chocolate","34","CUST-1329"
"SO-9027","2025-12-13","P102","Enchanted Milk Chocolate","46","CUST-1098"
"SO-9028","2024-07-21","P102","Enchanted Milk Chocolate","116","CUST-1179"
"SO-9029","2025-09-15","P102","Enchanted Milk Chocolate","49","CUST-1221"
"SO-9030","2023-03-17","P201","Mystic White Chocolate","106","CUST-1086"
"SO-9031","2025-09-04","P101","Magical Dark Chocolate","164","CUST-1486"
"SO-9032","2025-05-13","P103","Golden Cocoa Truffles","67","CUST-1150"
"SO-9033","2023-04-12","P102","Enchanted Milk Chocolate","190","CUST-1225"
"SO-9034","2024-05-28","P102","Enchanted Milk Chocolate","178","CUST-1419"
"SO-9035","2022-07-11","P103","Golden Cocoa Truffles","130","CUST-1275"
"SO-9036","2024-05-28","P101","Magical Dark Chocolate","28","CUST-1061"
"SO-9037","2023-07-09","P101","Magical Dark Chocolate","181","CUST-1287"
"SO-9038","2023-05-29","P201","Mystic White Chocolate","125","CUST-1453"
"SO-9039","2023-01-14","P201","Mystic White Chocolate","86","CUST-1138"
"SO-9040","2022-09-25","P201","Mystic White Chocolate","13","CUST-1360"
"SO-9041","2025-03-06","P103","Golden Cocoa Truffles","172","CUST-1117"
"SO-9042","2022-03-12","P201","Mystic White Chocolate","195","CUST-1144"
"SO-9043","2024-07-01","P201","Mystic White Chocolate","59","CUST-1343"
"SO-9044","2025-09-25","P201","Mystic White Chocolate","180","CUST-1236"
"SO-9045","2022-02-28","P101","Magical Dark Chocolate","56","CUST-1248"
"SO-9046","2025-03-29","P103","Golden Cocoa Truffles","98","CUST-1459"
"SO-9047","2022-11-19","P103","Golden Cocoa Truffles","174","CUST-1132"
"SO-9048","2024-09-01","P103","Golden Cocoa Truffles","143","CUST-1085"
"SO-9049","2022-01-16","P201","Mystic White Chocolate","120","CUST-1470"
"SO-9050","2025-12-24","P102","Enchanted Milk Chocolate","125","CUST-1080"
"SO-9051","2025-06-04","P101","Magical Dark Chocolate","68","CUST-1110"
"SO-9052","2025-11-08","P102","Enchanted Milk Chocolate","147","CUST-1121"
"SO-9053","2024-01-07","P201","Mystic White Chocolate","136","CUST-1079"
"SO-9054","2024-07-13","P201","Mystic White Chocolate","95","CUST-1256"
"SO-9055","2025-01-02","P201","Mystic White Chocolate","127","CUST-1208"
"SO-9056","2024-10-03","P103","Golden Cocoa Truffles","140","CUST-1321"
"SO-9057","2025-03-05","P201","Mystic White Chocolate","74","CUST-1019"
"SO-9058","2023-09-05","P201","Mystic White Chocolate","94","CUST-1299"
"SO-9059","2022-06-13","P101","Magical Dark Chocolate","160","CUST-1252"
"SO-9060","2024-03-31","P102","Enchanted Milk Chocolate","38","CUST-1341"
"SO-9061","2023-09-28","P103","Golden Cocoa Truffles","102","CUST-1372"
"SO-9062","2022-03-31","P101","Magical Dark Chocolate","181","CUST-1086"
"SO-9063","2022-06-12","P102","Enchanted Milk Chocolate","95","CUST-1137"
"SO-9064","2024-02-11","P103","Golden Cocoa Truffles","95","CUST-1162"
"SO-9065","2023-08-28","P201","Mystic White Chocolate","143","CUST-1379"
"SO-9066","2024-05-18","P101","Magical Dark Chocolate","191","CUST-1237"
"SO-9067","2023-04-23","P101","Magical Dark Chocolate","184","CUST-1152"
"SO-9068","2023-06-12","P102","Enchanted Milk Chocolate","171","CUST-1256"
"SO-9069","2025-04-07","P201","Mystic White Chocolate","189","CUST-1063"
"SO-9070","2022-07-06","P103","Golden Cocoa Truffles","122","CUST-1488"
"SO-9071","2022-10-28","P102","Enchanted Milk Chocolate","151","CUST-1263"
"SO-9072","2022-05-24","P102","Enchanted Milk Chocolate","111","CUST-1303"
"SO-9073","2023-02-07","P201","Mystic White Chocolate","115","CUST-1017"
"SO-9074","2023-03-29","P101","Magical Dark Chocolate","110","CUST-1043"
"SO-9075","2022-05-24","P201","Mystic White Chocolate","150","CUST-1012"
"SO-9076","2024-05-19","P101","Magical Dark Chocolate","70","CUST-1023"
"SO-9077","2022-01-09","P102","Enchanted Milk Chocolate","81","CUST-1307"
"SO-9078","2025-11-16","P103","Golden Cocoa Truffles","128","CUST-1364"
"SO-9079","2023-10-09","P201","Mystic White Chocolate","170","CUST-1444"
"SO-9080","2023-12-29","P101","Magical Dark Chocolate","78","CUST-1006"
"SO-9081","2023-05-18","P102","Enchanted Milk Chocolate","179","CUST-1197"
"SO-9082","2022-12-27","P103","Golden Cocoa Truffles","28","CUST-1038"
"SO-9083","2022-11-17","P101","Magical Dark Chocolate","94","CUST-1183"
"SO-9084","2025-01-21","P101","Magical Dark Chocolate","163","CUST-1353"
"SO-9085","2022-08-16","P102","Enchanted Milk Chocolate","130","CUST-1024"
"SO-9086","2025-09-18","P103","Golden Cocoa Truffles","98","CUST-1181"
"SO-9087","2024-12-07","P102","Enchanted Milk Chocolate","45","CUST-1032"
"SO-9088","2022-12-27","P201","Mystic White Chocolate","189","CUST-1213"
"SO-9089","2022-02-20","P201","Mystic White Chocolate","102","CUST-1048"
"SO-9090","2023-03-05","P101","Magical Dark Chocolate","159","CUST-1101"
"SO-9091","2022-11-15","P102","Enchanted Milk Chocolate","77","CUST-1472"
"SO-9092","2025-10-26","P103","Golden Cocoa Truffles","43","CUST-1143"
"SO-9093","2024-05-22","P201","Mystic White Chocolate","135","CUST-1465"
"SO-9094","2025-09-20","P102","Enchanted Milk Chocolate","43","CUST-1117"
"SO-9095","2023-12-16","P103","Golden Cocoa Truffles","105","CUST-1172"
"SO-9096","2025-11-13","P201","Mystic White Chocolate","37","CUST-1313"
"SO-9097","2024-03-23","P201","Mystic White Chocolate","85","CUST-1036"
"SO-9098","2025-10-10","P102","Enchanted Milk Chocolate","120","CUST-1349"
"SO-9099","2025-08-21","P103","Golden Cocoa Truffles","89","CUST-1201"
"SO-9100","2025-09-24","P102","Enchanted Milk Chocolate","76","CUST-1252"
"SO-9101","2024-02-26","P101","Magical Dark Chocolate","91","CUST-1004"
"SO-9102","2023-06-11","P201","Mystic White Chocolate","24","CUST-1485"
"SO-9103","2026-01-23","P102","Enchanted Milk Chocolate","24","CUST-1334"
"SO-9104","2023-03-15","P101","Magical Dark Chocolate","11","CUST-1061"
"SO-9105","2022-08-08","P101","Magical Dark Chocolate","138","CUST-1297"
"SO-9106","2022-06-21","P102","Enchanted Milk Chocolate","109","CUST-1092"
"SO-9107","2024-05-30","P102","Enchanted Milk Chocolate","87","CUST-1277"
"SO-9108","2024-09-07","P102","Enchanted Milk Chocolate","127","CUST-1021"
"SO-9109","2022-05-26","P103","Golden Cocoa Truffles","107","CUST-1208"
"SO-9110","2023-09-18","P101","Magical Dark Chocolate","125","CUST-1458"
"SO-9111","2023-09-21","P101","Magical Dark Chocolate","174","CUST-1362"
"SO-9112","2024-06-13","P101","Magical Dark Chocolate","62","CUST-1177"
"SO-9113","2023-05-31","P102","Enchanted Milk Chocolate","92","CUST-1293"
"SO-9114","2024-03-07","P201","Mystic White Chocolate","163","CUST-1203"
"SO-9115","2022-07-15","P201","Mystic White Chocolate","119","CUST-1009"
"SO-9116","2024-09-07","P201","Mystic White Chocolate","28","CUST-1115"
"SO-9117","2024-09-21","P201","Mystic White Chocolate","183","CUST-1015"
"SO-9118","2025-05-26","P201","Mystic White Chocolate","48","CUST-1458"
"SO-9119","2024-08-19","P101","Magical Dark Chocolate","107","CUST-1276"
"SO-9120","2024-09-08","P201","Mystic White Chocolate","92","CUST-1292"
"SO-9121","2022-12-03","P103","Golden Cocoa Truffles","94","CUST-1029"
"SO-9122","2022-09-16","P102","Enchanted Milk Chocolate","128","CUST-1292"
"SO-9123","2025-07-11","P103","Golden Cocoa Truffles","123","CUST-1355"
"SO-9124","2024-08-21","P103","Golden Cocoa Truffles","174","CUST-1431"
"SO-9125","2026-02-23","P102","Enchanted Milk Chocolate","57","CUST-1074"
"SO-9126","2025-09-29","P101","Magical Dark Chocolate","160","CUST-1059"
"SO-9127","2023-11-09","P102","Enchanted Milk Chocolate","27","CUST-1178"
"SO-9128","2025-05-24","P201","Mystic White Chocolate","21","CUST-1069"
"SO-9129","2026-04-22","P101","Magical Dark Chocolate","92","CUST-1297"
"SO-9130","2024-01-28","P102","Enchanted Milk Chocolate","54","CUST-1405"
"SO-9131","2022-10-16","P102","Enchanted Milk Chocolate","77","CUST-1165"
"SO-9132","2023-04-06","P101","Magical Dark Chocolate","55","CUST-1391"
"SO-9133","2026-05-04","P103","Golden Cocoa Truffles","166","CUST-1078"
"SO-9134","2026-01-01","P201","Mystic White Chocolate","148","CUST-1218"
"SO-9135","2024-02-16","P102","Enchanted Milk Chocolate","76","CUST-1085"
"SO-9136","2024-08-04","P201","Mystic White Chocolate","145","CUST-1196"
"SO-9137","2025-09-22","P101","Magical Dark Chocolate","167","CUST-1138"
"SO-9138","2026-03-27","P103","Golden Cocoa Truffles","146","CUST-1458"
"SO-9139","2022-08-28","P201","Mystic White Chocolate","98","CUST-1043"
"SO-9140","2022-11-08","P103","Golden Cocoa Truffles","23","CUST-1369"
"SO-9141","2024-02-03","P101","Magical Dark Chocolate","90","CUST-1351"
"SO-9142","2024-08-09","P101","Magical Dark Chocolate","25","CUST-1107"
"SO-9143","2022-06-07","P101","Magical Dark Chocolate","158","CUST-1318"
"SO-9144","2025-03-02","P201","Mystic White Chocolate","164","CUST-1394"
"SO-9145","2023-10-11","P201","Mystic White Chocolate","86","CUST-1314"
"SO-9146","2025-05-17","P102","Enchanted Milk Chocolate","145","CUST-1053"
"SO-9147","2026-02-09","P101","Magical Dark Chocolate","167","CUST-1209"
"SO-9148","2023-12-05","P201","Mystic White Chocolate","38","CUST-1158"
"SO-9149","2026-04-14","P101","Magical Dark Chocolate","108","CUST-1053"
"SO-9150","2022-07-18","P201","Mystic White Chocolate","196","CUST-1321"
"SO-9151","2026-03-20","P201","Mystic White Chocolate","30","CUST-1397"
"SO-9152","2025-11-24","P101","Magical Dark Chocolate","145","CUST-1314"
"SO-9153","2022-11-25","P103","Golden Cocoa Truffles","27","CUST-1063"
"SO-9154","2023-10-11","P201","Mystic White Chocolate","111","CUST-1226"
"SO-9155","2024-02-04","P101","Magical Dark Chocolate","164","CUST-1120"
"SO-9156","2024-08-30","P103","Golden Cocoa Truffles","48","CUST-1045"
"SO-9157","2024-10-25","P102","Enchanted Milk Chocolate","143","CUST-1352"
"SO-9158","2022-07-08","P101","Magical Dark Chocolate","90","CUST-1171"
"SO-9159","2024-02-09","P103","Golden Cocoa Truffles","124","CUST-1060"
"SO-9160","2025-12-08","P102","Enchanted Milk Chocolate","117","CUST-1149"
"SO-9161","2023-06-23","P103","Golden Cocoa Truffles","147","CUST-1454"
"SO-9162","2025-02-20","P102","Enchanted Milk Chocolate","26","CUST-1055"
"SO-9163","2024-10-09","P101","Magical Dark Chocolate","183","CUST-1106"
"SO-9164","2026-02-14","P102","Enchanted Milk Chocolate","110","CUST-1106"
"SO-9165","2022-02-11","P102","Enchanted Milk Chocolate","167","CUST-1210"
"SO-9166","2024-07-12","P101","Magical Dark Chocolate","108","CUST-1315"
"SO-9167","2022-02-06","P101","Magical Dark Chocolate","36","CUST-1194"
"SO-9168","2024-11-15","P101","Magical Dark Chocolate","185","CUST-1406"
"SO-9169","2022-03-11","P201","Mystic White Chocolate","45","CUST-1426"
"SO-9170","2025-09-30","P103","Golden Cocoa Truffles","179","CUST-1031"
"SO-9171","2023-03-17","P101","Magical Dark Chocolate","118","CUST-1057"
"SO-9172","2022-08-05","P101","Magical Dark Chocolate","168","CUST-1042"
"SO-9173","2025-11-30","P201","Mystic White Chocolate","135","CUST-1262"
"SO-9174","2025-09-15","P101","Magical Dark Chocolate","59","CUST-1420"
"SO-9175","2023-12-01","P103","Golden Cocoa Truffles","93","CUST-1012"
"SO-9176","2023-10-20","P101","Magical Dark Chocolate","166","CUST-1063"
"SO-9177","2024-05-07","P103","Golden Cocoa Truffles","95","CUST-1214"
"SO-9178","2023-02-28","P103","Golden Cocoa Truffles","73","CUST-1189"
"SO-9179","2025-07-08","P103","Golden Cocoa Truffles","81","CUST-1239"
"SO-9180","2023-08-25","P201","Mystic White Chocolate","99","CUST-1009"
"SO-9181","2022-06-13","P102","Enchanted Milk Chocolate","67","CUST-1495"
"SO-9182","2025-02-14","P101","Magical Dark Chocolate","123","CUST-1420"
"SO-9183","2023-04-29","P102","Enchanted Milk Chocolate","185","CUST-1233"
"SO-9184","2022-12-09","P102","Enchanted Milk Chocolate","65","CUST-1138"
"SO-9185","2026-02-26","P201","Mystic White Chocolate","124","CUST-1398"
"SO-9186","2022-09-24","P201","Mystic White Chocolate","79","CUST-1067"
"SO-9187","2024-03-21","P201","Mystic White Chocolate","163","CUST-1386"
"SO-9188","2023-04-22","P102","Enchanted Milk Chocolate","54","CUST-1146"
"SO-9189","2022-07-11","P102","Enchanted Milk Chocolate","13","CUST-1131"
"SO-9190","2022-08-30","P201","Mystic White Chocolate","198","CUST-1132"
"SO-9191","2023-06-07","P201","Mystic White Chocolate","61","CUST-1045"
"SO-9192","2023-08-10","P102","Enchanted Milk Chocolate","196","CUST-1435"
"SO-9193","2022-05-13","P201","Mystic White Chocolate","19","CUST-1358"
"SO-9194","2024-09-16","P102","Enchanted Milk Chocolate","177","CUST-1176"
"SO-9195","2024-11-24","P103","Golden Cocoa Truffles","13","CUST-1497"
"SO-9196","2023-01-05","P101","Magical Dark Chocolate","107","CUST-1131"
"SO-9197","2024-04-11","P102","Enchanted Milk Chocolate","104","CUST-1067"
"SO-9198","2025-03-09","P103","Golden Cocoa Truffles","198","CUST-1172"
"SO-9199","2022-09-16","P102","Enchanted Milk Chocolate","11","CUST-1037"
"SO-9200","2025-05-08","P102","Enchanted Milk Chocolate","161","CUST-1321"
"SO-9201","2024-01-13","P201","Mystic White Chocolate","186","CUST-1458"
"SO-9202","2022-04-27","P201","Mystic White Chocolate","91","CUST-1073"
"SO-9203","2023-07-15","P101","Magical Dark Chocolate","84","CUST-1496"
"SO-9204","2025-12-09","P103","Golden Cocoa Truffles","152","CUST-1049"
"SO-9205","2022-12-28","P103","Golden Cocoa Truffles","104","CUST-1268"
"SO-9206","2023-04-26","P103","Golden Cocoa Truffles","175","CUST-1289"
"SO-9207","2024-05-26","P101","Magical Dark Chocolate","173","CUST-1223"
"SO-9208","2025-03-06","P103","Golden Cocoa Truffles","188","CUST-1157"
"SO-9209","2025-06-13","P102","Enchanted Milk Chocolate","79","CUST-1480"
"SO-9210","2024-02-19","P101","Magical Dark Chocolate","117","CUST-1261"
"SO-9211","2023-09-24","P101","Magical Dark Chocolate","97","CUST-1110"
"SO-9212","2024-03-24","P103","Golden Cocoa Truffles","112","CUST-1223"
"SO-9213","2023-07-13","P103","Golden Cocoa Truffles","96","CUST-1282"
"SO-9214","2022-05-25","P102","Enchanted Milk Chocolate","106","CUST-1237"
"SO-9215","2025-04-09","P102","Enchanted Milk Chocolate","11","CUST-1172"
"SO-9216","2026-05-11","P101","Magical Dark Chocolate","135","CUST-1037"
"SO-9217","2024-11-13","P101","Magical Dark Chocolate","81","CUST-1425"
"SO-9218","2023-06-08","P103","Golden Cocoa Truffles","35","CUST-1143"
"SO-9219","2022-08-05","P103","Golden Cocoa Truffles","61","CUST-1150"
"SO-9220","2022-07-02","P201","Mystic White Chocolate","39","CUST-1148"
"SO-9221","2022-05-13","P103","Golden Cocoa Truffles","87","CUST-1403"
"SO-9222","2025-12-18","P103","Golden Cocoa Truffles","141","CUST-1353"
"SO-9223","2023-10-10","P103","Golden Cocoa Truffles","117","CUST-1462"
"SO-9224","2022-02-26","P103","Golden Cocoa Truffles","92","CUST-1389"
"SO-9225","2025-10-17","P103","Golden Cocoa Truffles","63","CUST-1369"
"SO-9226","2022-05-17","P102","Enchanted Milk Chocolate","110","CUST-1293"
"SO-9227","2024-10-12","P102","Enchanted Milk Chocolate","39","CUST-1061"
"SO-9228","2024-05-22","P102","Enchanted Milk Chocolate","74","CUST-1037"
"SO-9229","2022-02-23","P103","Golden Cocoa Truffles","57","CUST-1500"
"SO-9230","2022-07-06","P103","Golden Cocoa Truffles","60","CUST-1278"
"SO-9231","2022-04-13","P103","Golden Cocoa Truffles","147","CUST-1435"
"SO-9232","2023-04-24","P201","Mystic White Chocolate","14","CUST-1204"
"SO-9233","2022-08-31","P101","Magical Dark Chocolate","133","CUST-1064"
"SO-9234","2022-08-16","P101","Magical Dark Chocolate","172","CUST-1412"
"SO-9235","2026-01-04","P201","Mystic White Chocolate","122","CUST-1146"
"SO-9236","2023-10-21","P103","Golden Cocoa Truffles","35","CUST-1402"
"SO-9237","2022-05-14","P201","Mystic White Chocolate","44","CUST-1061"
"SO-9238","2022-09-02","P102","Enchanted Milk Chocolate","43","CUST-1098"
"SO-9239","2025-12-25","P103","Golden Cocoa Truffles","173","CUST-1165"
"SO-9240","2024-12-06","P201","Mystic White Chocolate","87","CUST-1016"
"SO-9241","2025-08-20","P103","Golden Cocoa Truffles","48","CUST-1367"
"SO-9242","2025-12-30","P103","Golden Cocoa Truffles","119","CUST-1076"
"SO-9243","2026-03-12","P101","Magical Dark Chocolate","100","CUST-1388"
"SO-9244","2022-02-21","P103","Golden Cocoa Truffles","129","CUST-1465"
"SO-9245","2025-11-01","P201","Mystic White Chocolate","109","CUST-1491"
"SO-9246","2025-09-19","P201","Mystic White Chocolate","178","CUST-1262"
"SO-9247","2025-01-21","P102","Enchanted Milk Chocolate","108","CUST-1477"
"SO-9248","2025-09-07","P101","Magical Dark Chocolate","124","CUST-1292"
"SO-9249","2024-04-20","P103","Golden Cocoa Truffles","168","CUST-1357"
"SO-9250","2023-06-10","P102","Enchanted Milk Chocolate","100","CUST-1414"
"SO-9251","2022-02-15","P201","Mystic White Chocolate","193","CUST-1444"
"SO-9252","2025-02-13","P103","Golden Cocoa Truffles","177","CUST-1360"
"SO-9253","2026-01-17","P101","Magical Dark Chocolate","160","CUST-1070"
"SO-9254","2022-11-12","P201","Mystic White Chocolate","165","CUST-1273"
"SO-9255","2025-01-19","P101","Magical Dark Chocolate","91","CUST-1189"
"SO-9256","2023-01-09","P102","Enchanted Milk Chocolate","183","CUST-1406"
"SO-9257","2024-10-19","P201","Mystic White Chocolate","159","CUST-1273"
"SO-9258","2025-11-26","P101","Magical Dark Chocolate","14","CUST-1158"
"SO-9259","2023-05-11","P102","Enchanted Milk Chocolate","70","CUST-1491"
"SO-9260","2022-05-27","P102","Enchanted Milk Chocolate","190","CUST-1073"
"SO-9261","2023-03-03","P102","Enchanted Milk Chocolate","105","CUST-1192"
"SO-9262","2022-10-24","P103","Golden Cocoa Truffles","171","CUST-1057"
"SO-9263","2025-08-01","P201","Mystic White Chocolate","66","CUST-1126"
"SO-9264","2022-06-19","P103","Golden Cocoa Truffles","11","CUST-1109"
"SO-9265","2023-01-23","P103","Golden Cocoa Truffles","50","CUST-1258"
"SO-9266","2025-09-23","P103","Golden Cocoa Truffles","101","CUST-1321"
"SO-9267","2023-04-09","P201","Mystic White Chocolate","80","CUST-1156"
"SO-9268","2022-08-11","P201","Mystic White Chocolate","20","CUST-1141"
"SO-9269","2023-07-25","P102","Enchanted Milk Chocolate","22","CUST-1286"
"SO-9270","2025-10-09","P201","Mystic White Chocolate","78","CUST-1075"
"SO-9271","2022-11-01","P103","Golden Cocoa Truffles","136","CUST-1297"
"SO-9272","2026-02-24","P201","Mystic White Chocolate","169","CUST-1223"
"SO-9273","2023-01-17","P102","Enchanted Milk Chocolate","51","CUST-1359"
"SO-9274","2022-08-30","P101","Magical Dark Chocolate","69","CUST-1451"
"SO-9275","2026-05-23","P102","Enchanted Milk Chocolate","64","CUST-1420"
"SO-9276","2024-01-02","P103","Golden Cocoa Truffles","180","CUST-1173"
"SO-9277","2025-05-02","P201","Mystic White Chocolate","136","CUST-1408"
"SO-9278","2023-06-09","P102","Enchanted Milk Chocolate","155","CUST-1174"
"SO-9279","2023-02-12","P103","Golden Cocoa Truffles","135","CUST-1275"
"SO-9280","2026-01-19","P201","Mystic White Chocolate","194","CUST-1329"
"SO-9281","2022-04-10","P103","Golden Cocoa Truffles","110","CUST-1252"
"SO-9282","2025-03-01","P101","Magical Dark Chocolate","115","CUST-1102"
"SO-9283","2024-10-21","P103","Golden Cocoa Truffles","132","CUST-1028"
"SO-9284","2024-05-08","P101","Magical Dark Chocolate","64","CUST-1047"
"SO-9285","2022-01-10","P201","Mystic White Chocolate","169","CUST-1153"
"SO-9286","2025-12-01","P101","Magical Dark Chocolate","95","CUST-1120"
"SO-9287","2022-07-12","P101","Magical Dark Chocolate","183","CUST-1044"
"SO-9288","2025-07-13","P101","Magical Dark Chocolate","111","CUST-1402"
"SO-9289","2024-01-20","P201","Mystic White Chocolate","18","CUST-1363"
"SO-9290","2024-04-10","P201","Mystic White Chocolate","159","CUST-1197"
"SO-9291","2023-03-11","P101","Magical Dark Chocolate","160","CUST-1148"
"SO-9292","2024-04-22","P201","Mystic White Chocolate","194","CUST-1113"
"SO-9293","2023-06-04","P101","Magical Dark Chocolate","117","CUST-1334"
"SO-9294","2025-05-21","P201","Mystic White Chocolate","154","CUST-1013"
"SO-9295","2023-02-10","P101","Magical Dark Chocolate","124","CUST-1275"
"SO-9296","2025-01-02","P102","Enchanted Milk Chocolate","123","CUST-1466"
"SO-9297","2022-08-10","P102","Enchanted Milk Chocolate","114","CUST-1388"
"SO-9298","2022-05-16","P201","Mystic White Chocolate","45","CUST-1279"
"SO-9299","2023-09-09","P101","Magical Dark Chocolate","95","CUST-1319"
"SO-9300","2023-08-19","P103","Golden Cocoa Truffles","156","CUST-1463"
"SO-9301","2023-04-15","P103","Golden Cocoa Truffles","196","CUST-1160"
"SO-9302","2022-03-21","P103","Golden Cocoa Truffles","89","CUST-1160"
"SO-9303","2024-05-31","P101","Magical Dark Chocolate","118","CUST-1331"
"SO-9304","2025-05-23","P201","Mystic White Chocolate","92","CUST-1358"
"SO-9305","2022-06-19","P101","Magical Dark Chocolate","191","CUST-1010"
"SO-9306","2022-07-23","P201","Mystic White Chocolate","75","CUST-1093"
"SO-9307","2024-01-05","P201","Mystic White Chocolate","27","CUST-1046"
"SO-9308","2023-02-17","P103","Golden Cocoa Truffles","33","CUST-1372"
"SO-9309","2026-04-15","P101","Magical Dark Chocolate","74","CUST-1351"
"SO-9310","2025-11-03","P103","Golden Cocoa Truffles","178","CUST-1085"
"SO-9311","2025-03-11","P201","Mystic White Chocolate","125","CUST-1131"
"SO-9312","2022-09-07","P101","Magical Dark Chocolate","165","CUST-1327"
"SO-9313","2023-01-21","P201","Mystic White Chocolate","84","CUST-1388"
"SO-9314","2025-08-22","P102","Enchanted Milk Chocolate","195","CUST-1342"
"SO-9315","2022-12-01","P201","Mystic White Chocolate","52","CUST-1073"
"SO-9316","2023-06-02","P201","Mystic White Chocolate","66","CUST-1167"
"SO-9317","2022-06-19","P201","Mystic White Chocolate","140","CUST-1180"
"SO-9318","2025-08-03","P103","Golden Cocoa Truffles","160","CUST-1272"
"SO-9319","2022-01-25","P201","Mystic White Chocolate","60","CUST-1094"
"SO-9320","2024-11-07","P201","Mystic White Chocolate","194","CUST-1070"
"SO-9321","2023-03-11","P101","Magical Dark Chocolate","60","CUST-1094"
"SO-9322","2026-05-11","P201","Mystic White Chocolate","135","CUST-1024"
"SO-9323","2024-06-30","P201","Mystic White Chocolate","103","CUST-1367"
"SO-9324","2026-03-27","P103","Golden Cocoa Truffles","36","CUST-1320"
"SO-9325","2023-05-03","P103","Golden Cocoa Truffles","148","CUST-1462"
"SO-9326","2025-06-08","P201","Mystic White Chocolate","93","CUST-1070"
"SO-9327","2024-07-03","P201","Mystic White Chocolate","196","CUST-1322"
"SO-9328","2025-04-04","P201","Mystic White Chocolate","46","CUST-1096"
"SO-9329","2024-11-05","P201","Mystic White Chocolate","33","CUST-1091"
"SO-9330","2025-05-08","P102","Enchanted Milk Chocolate","67","CUST-1216"
"SO-9331","2025-07-02","P103","Golden Cocoa Truffles","158","CUST-1021"
"SO-9332","2022-10-25","P103","Golden Cocoa Truffles","74","CUST-1061"
"SO-9333","2023-06-17","P102","Enchanted Milk Chocolate","103","CUST-1276"
"SO-9334","2023-02-21","P201","Mystic White Chocolate","164","CUST-1109"
"SO-9335","2025-09-01","P101","Magical Dark Chocolate","92","CUST-1124"
"SO-9336","2024-04-10","P201","Mystic White Chocolate","90","CUST-1438"
"SO-9337","2024-05-27","P102","Enchanted Milk Chocolate","110","CUST-1293"
"SO-9338","2022-08-24","P101","Magical Dark Chocolate","23","CUST-1050"
"SO-9339","2024-05-11","P101","Magical Dark Chocolate","77","CUST-1021"
"SO-9340","2022-11-09","P103","Golden Cocoa Truffles","95","CUST-1225"
"SO-9341","2023-03-03","P103","Golden Cocoa Truffles","154","CUST-1393"
"SO-9342","2025-07-16","P201","Mystic White Chocolate","127","CUST-1219"
"SO-9343","2025-04-21","P101","Magical Dark Chocolate","161","CUST-1268"
"SO-9344","2026-03-04","P101","Magical Dark Chocolate","92","CUST-1410"
"SO-9345","2023-01-15","P103","Golden Cocoa Truffles","178","CUST-1276"
"SO-9346","2022-07-18","P101","Magical Dark Chocolate","92","CUST-1385"
"SO-9347","2025-11-13","P102","Enchanted Milk Chocolate","126","CUST-1179"
"SO-9348","2024-10-19","P103","Golden Cocoa Truffles","150","CUST-1157"
"SO-9349","2022-11-11","P103","Golden Cocoa Truffles","82","CUST-1373"
"SO-9350","2025-01-11","P201","Mystic White Chocolate","49","CUST-1441"
"SO-9351","2023-12-02","P201","Mystic White Chocolate","62","CUST-1295"
"SO-9352","2025-03-12","P102","Enchanted Milk Chocolate","171","CUST-1462"
"SO-9353","2022-09-11","P103","Golden Cocoa Truffles","80","CUST-1076"
"SO-9354","2024-10-09","P103","Golden Cocoa Truffles","143","CUST-1019"
"SO-9355","2023-06-04","P201","Mystic White Chocolate","108","CUST-1086"
"SO-9356","2026-05-15","P103","Golden Cocoa Truffles","161","CUST-1304"
"SO-9357","2023-02-09","P201","Mystic White Chocolate","42","CUST-1172"
"SO-9358","2025-11-22","P201","Mystic White Chocolate","11","CUST-1316"
"SO-9359","2026-04-14","P101","Magical Dark Chocolate","175","CUST-1034"
"SO-9360","2022-09-10","P101","Magical Dark Chocolate","199","CUST-1380"
"SO-9361","2022-06-10","P103","Golden Cocoa Truffles","54","CUST-1433"
"SO-9362","2025-07-03","P201","Mystic White Chocolate","193","CUST-1261"
"SO-9363","2025-07-29","P201","Mystic White Chocolate","29","CUST-1083"
"SO-9364","2026-05-11","P103","Golden Cocoa Truffles","88","CUST-1129"
"SO-9365","2022-03-16","P102","Enchanted Milk Chocolate","61","CUST-1489"
"SO-9366","2024-07-27","P102","Enchanted Milk Chocolate","167","CUST-1283"
"SO-9367","2022-03-12","P103","Golden Cocoa Truffles","80","CUST-1416"
"SO-9368","2024-07-28","P201","Mystic White Chocolate","164","CUST-1247"
"SO-9369","2023-05-03","P101","Magical Dark Chocolate","117","CUST-1020"
"SO-9370","2025-03-26","P103","Golden Cocoa Truffles","97","CUST-1336"
"SO-9371","2025-12-05","P101","Magical Dark Chocolate","55","CUST-1335"
"SO-9372","2023-10-14","P102","Enchanted Milk Chocolate","107","CUST-1026"
"SO-9373","2025-05-29","P102","Enchanted Milk Chocolate","190","CUST-1260"
"SO-9374","2022-01-28","P102","Enchanted Milk Chocolate","19","CUST-1111"
"SO-9375","2026-05-17","P103","Golden Cocoa Truffles","127","CUST-1061"
"SO-9376","2025-10-14","P201","Mystic White Chocolate","107","CUST-1160"
"SO-9377","2025-01-11","P101","Magical Dark Chocolate","165","CUST-1372"
"SO-9378","2025-03-18","P103","Golden Cocoa Truffles","157","CUST-1457"
"SO-9379","2025-06-02","P201","Mystic White Chocolate","43","CUST-1386"
"SO-9380","2023-08-07","P102","Enchanted Milk Chocolate","84","CUST-1226"
"SO-9381","2026-01-25","P102","Enchanted Milk Chocolate","88","CUST-1261"
"SO-9382","2025-10-30","P102","Enchanted Milk Chocolate","199","CUST-1095"
"SO-9383","2023-04-05","P101","Magical Dark Chocolate","19","CUST-1359"
"SO-9384","2024-10-01","P102","Enchanted Milk Chocolate","118","CUST-1276"
"SO-9385","2024-02-18","P103","Golden Cocoa Truffles","134","CUST-1095"
"SO-9386","2025-03-09","P101","Magical Dark Chocolate","49","CUST-1134"
"SO-9387","2023-12-22","P201","Mystic White Chocolate","186","CUST-1263"
"SO-9388","2023-11-02","P201","Mystic White Chocolate","70","CUST-1194"
"SO-9389","2023-09-11","P102","Enchanted Milk Chocolate","95","CUST-1353"
"SO-9390","2023-02-01","P103","Golden Cocoa Truffles","166","CUST-1150"
"SO-9391","2025-10-29","P101","Magical Dark Chocolate","168","CUST-1479"
"SO-9392","2022-08-02","P102","Enchanted Milk Chocolate","185","CUST-1151"
"SO-9393","2024-11-08","P103","Golden Cocoa Truffles","171","CUST-1251"
"SO-9394","2022-03-26","P102","Enchanted Milk Chocolate","61","CUST-1008"
"SO-9395","2023-08-14","P101","Magical Dark Chocolate","61","CUST-1436"
"SO-9396","2024-08-04","P103","Golden Cocoa Truffles","173","CUST-1001"
"SO-9397","2025-10-02","P101","Magical Dark Chocolate","23","CUST-1035"
"SO-9398","2024-02-17","P102","Enchanted Milk Chocolate","148","CUST-1064"
"SO-9399","2025-06-08","P103","Golden Cocoa Truffles","58","CUST-1157"
"SO-9400","2023-09-10","P101","Magical Dark Chocolate","91","CUST-1122"
"SO-9401","2025-04-18","P101","Magical Dark Chocolate","92","CUST-1030"
"SO-9402","2023-10-15","P101","Magical Dark Chocolate","38","CUST-1081"
"SO-9403","2023-02-13","P103","Golden Cocoa Truffles","47","CUST-1218"
"SO-9404","2026-04-02","P101","Magical Dark Chocolate","138","CUST-1355"
"SO-9405","2025-06-29","P103","Golden Cocoa Truffles","67","CUST-1307"
"SO-9406","2022-02-16","P201","Mystic White Chocolate","193","CUST-1407"
"SO-9407","2023-03-16","P102","Enchanted Milk Chocolate","142","CUST-1192"
"SO-9408","2024-05-13","P101","Magical Dark Chocolate","117","CUST-1372"
"SO-9409","2025-04-14","P102","Enchanted Milk Chocolate","160","CUST-1467"
"SO-9410","2022-06-20","P103","Golden Cocoa Truffles","33","CUST-1065"
"SO-9411","2025-05-06","P101","Magical Dark Chocolate","19","CUST-1393"
"SO-9412","2022-06-15","P201","Mystic White Chocolate","39","CUST-1032"
"SO-9413","2022-01-11","P201","Mystic White Chocolate","162","CUST-1156"
"SO-9414","2023-06-28","P201","Mystic White Chocolate","145","CUST-1178"
"SO-9415","2023-04-20","P101","Magical Dark Chocolate","77","CUST-1424"
"SO-9416","2024-09-22","P102","Enchanted Milk Chocolate","27","CUST-1323"
"SO-9417","2024-03-04","P101","Magical Dark Chocolate","130","CUST-1469"
"SO-9418","2023-09-07","P101","Magical Dark Chocolate","157","CUST-1152"
"SO-9419","2025-07-21","P103","Golden Cocoa Truffles","64","CUST-1192"
"SO-9420","2024-06-23","P101","Magical Dark Chocolate","119","CUST-1337"
"SO-9421","2022-03-06","P102","Enchanted Milk Chocolate","23","CUST-1477"
"SO-9422","2025-03-08","P201","Mystic White Chocolate","139","CUST-1200"
"SO-9423","2024-04-05","P101","Magical Dark Chocolate","26","CUST-1437"
"SO-9424","2024-07-26","P201","Mystic White Chocolate","114","CUST-1462"
"SO-9425","2024-01-07","P103","Golden Cocoa Truffles","83","CUST-1456"
"SO-9426","2022-03-28","P102","Enchanted Milk Chocolate","105","CUST-1050"
"SO-9427","2024-03-12","P102","Enchanted Milk Chocolate","127","CUST-1027"
"SO-9428","2025-08-26","P201","Mystic White Chocolate","149","CUST-1026"
"SO-9429","2026-03-06","P101","Magical Dark Chocolate","200","CUST-1351"
"SO-9430","2023-05-23","P103","Golden Cocoa Truffles","30","CUST-1298"
"SO-9431","2025-02-03","P102","Enchanted Milk Chocolate","163","CUST-1169"
"SO-9432","2024-04-25","P101","Magical Dark Chocolate","163","CUST-1105"
"SO-9433","2024-04-01","P102","Enchanted Milk Chocolate","50","CUST-1441"
"SO-9434","2025-11-24","P201","Mystic White Chocolate","72","CUST-1441"
"SO-9435","2023-10-26","P101","Magical Dark Chocolate","190","CUST-1174"
"SO-9436","2022-10-21","P102","Enchanted Milk Chocolate","69","CUST-1247"
"SO-9437","2025-11-16","P101","Magical Dark Chocolate","70","CUST-1456"
"SO-9438","2025-04-16","P201","Mystic White Chocolate","45","CUST-1483"
"SO-9439","2024-09-06","P201","Mystic White Chocolate","22","CUST-1446"
"SO-9440","2022-09-22","P101","Magical Dark Chocolate","174","CUST-1134"
"SO-9441","2023-02-06","P101","Magical Dark Chocolate","146","CUST-1491"
"SO-9442","2024-02-07","P102","Enchanted Milk Chocolate","190","CUST-1215"
"SO-9443","2024-12-11","P103","Golden Cocoa Truffles","123","CUST-1028"
"SO-9444","2024-07-01","P201","Mystic White Chocolate","111","CUST-1305"
"SO-9445","2023-12-15","P201","Mystic White Chocolate","185","CUST-1376"
"SO-9446","2022-11-27","P201","Mystic White Chocolate","168","CUST-1223"
"SO-9447","2024-12-23","P201","Mystic White Chocolate","180","CUST-1423"
"SO-9448","2025-04-14","P201","Mystic White Chocolate","179","CUST-1481"
"SO-9449","2023-02-18","P103","Golden Cocoa Truffles","171","CUST-1242"
"SO-9450","2026-02-21","P101","Magical Dark Chocolate","15","CUST-1165"
"SO-9451","2023-06-21","P102","Enchanted Milk Chocolate","172","CUST-1109"
"SO-9452","2023-08-21","P201","Mystic White Chocolate","186","CUST-1245"
"SO-9453","2025-01-05","P101","Magical Dark Chocolate","152","CUST-1088"
"SO-9454","2024-05-08","P101","Magical Dark Chocolate","28","CUST-1279"
"SO-9455","2023-10-18","P103","Golden Cocoa Truffles","102","CUST-1095"
"SO-9456","2023-02-24","P102","Enchanted Milk Chocolate","122","CUST-1322"
"SO-9457","2026-02-11","P101","Magical Dark Chocolate","34","CUST-1326"
"SO-9458","2026-05-08","P201","Mystic White Chocolate","94","CUST-1310"
"SO-9459","2024-05-07","P201","Mystic White Chocolate","124","CUST-1447"
"SO-9460","2022-09-05","P103","Golden Cocoa Truffles","26","CUST-1364"
"SO-9461","2023-06-27","P201","Mystic White Chocolate","123","CUST-1326"
"SO-9462","2025-02-16","P102","Enchanted Milk Chocolate","151","CUST-1480"
"SO-9463","2025-06-04","P102","Enchanted Milk Chocolate","134","CUST-1450"
"SO-9464","2025-06-13","P102","Enchanted Milk Chocolate","154","CUST-1176"
"SO-9465","2023-04-20","P102","Enchanted Milk Chocolate","181","CUST-1489"
"SO-9466","2024-06-10","P101","Magical Dark Chocolate","160","CUST-1143"
"SO-9467","2025-06-15","P101","Magical Dark Chocolate","144","CUST-1478"
"SO-9468","2024-02-26","P102","Enchanted Milk Chocolate","85","CUST-1063"
"SO-9469","2024-10-07","P102","Enchanted Milk Chocolate","154","CUST-1331"
"SO-9470","2024-12-05","P103","Golden Cocoa Truffles","199","CUST-1203"
"SO-9471","2026-05-26","P102","Enchanted Milk Chocolate","104","CUST-1063"
"SO-9472","2023-12-08","P201","Mystic White Chocolate","33","CUST-1294"
"SO-9473","2023-12-13","P201","Mystic White Chocolate","164","CUST-1278"
"SO-9474","2023-07-12","P103","Golden Cocoa Truffles","65","CUST-1121"
"SO-9475","2024-02-04","P201","Mystic White Chocolate","180","CUST-1016"
"SO-9476","2026-01-21","P101","Magical Dark Chocolate","89","CUST-1317"
"SO-9477","2025-08-20","P103","Golden Cocoa Truffles","39","CUST-1196"
"SO-9478","2026-05-09","P201","Mystic White Chocolate","87","CUST-1257"
"SO-9479","2025-09-15","P201","Mystic White Chocolate","147","CUST-1385"
"SO-9480","2022-01-17","P103","Golden Cocoa Truffles","124","CUST-1357"
"SO-9481","2025-11-02","P201","Mystic White Chocolate","12","CUST-1376"
"SO-9482","2022-08-16","P102","Enchanted Milk Chocolate","113","CUST-1106"
"SO-9483","2024-05-29","P101","Magical Dark Chocolate","127","CUST-1026"
"SO-9484","2023-08-04","P101","Magical Dark Chocolate","196","CUST-1267"
"SO-9485","2022-03-16","P102","Enchanted Milk Chocolate","164","CUST-1077"
"SO-9486","2022-01-28","P201","Mystic White Chocolate","161","CUST-1167"
"SO-9487","2024-12-03","P201","Mystic White Chocolate","113","CUST-1453"
"SO-9488","2025-12-24","P103","Golden Cocoa Truffles","43","CUST-1378"
"SO-9489","2022-07-10","P101","Magical Dark Chocolate","28","CUST-1113"
"SO-9490","2023-01-20","P102","Enchanted Milk Chocolate","28","CUST-1462"
"SO-9491","2024-05-16","P201","Mystic White Chocolate","126","CUST-1500"
"SO-9492","2022-02-23","P101","Magical Dark Chocolate","26","CUST-1269"
"SO-9493","2025-03-06","P103","Golden Cocoa Truffles","28","CUST-1165"
"SO-9494","2023-10-17","P102","Enchanted Milk Chocolate","56","CUST-1214"
"SO-9495","2023-03-03","P101","Magical Dark Chocolate","20","CUST-1088"
"SO-9496","2024-10-03","P101","Magical Dark Chocolate","187","CUST-1219"
"SO-9497","2022-12-28","P103","Golden Cocoa Truffles","85","CUST-1033"
"SO-9498","2024-01-23","P103","Golden Cocoa Truffles","31","CUST-1179"
"SO-9499","2022-09-19","P101","Magical Dark Chocolate","83","CUST-1199"
"SO-9500","2022-01-02","P101","Magical Dark Chocolate","51","CUST-1057"
"SO-9501","2025-06-13","P103","Golden Cocoa Truffles","129","CUST-1241"
"SO-9502","2026-01-14","P101","Magical Dark Chocolate","31","CUST-1136"
"SO-9503","2022-02-28","P201","Mystic White Chocolate","34","CUST-1266"
"SO-9504","2024-06-20","P102","Enchanted Milk Chocolate","171","CUST-1322"
"SO-9505","2023-04-13","P103","Golden Cocoa Truffles","10","CUST-1195"
"SO-9506","2024-06-22","P102","Enchanted Milk Chocolate","172","CUST-1316"
"SO-9507","2024-09-12","P201","Mystic White Chocolate","32","CUST-1006"
"SO-9508","2023-07-24","P201","Mystic White Chocolate","20","CUST-1464"
"SO-9509","2024-08-24","P101","Magical Dark Chocolate","106","CUST-1122"
"SO-9510","2024-11-08","P103","Golden Cocoa Truffles","197","CUST-1476"
"SO-9511","2023-06-30","P103","Golden Cocoa Truffles","180","CUST-1239"
"SO-9512","2024-02-08","P103","Golden Cocoa Truffles","69","CUST-1007"
"SO-9513","2022-04-21","P101","Magical Dark Chocolate","68","CUST-1149"
"SO-9514","2024-04-21","P201","Mystic White Chocolate","174","CUST-1032"
"SO-9515","2022-05-27","P101","Magical Dark Chocolate","146","CUST-1282"
"SO-9516","2023-08-25","P102","Enchanted Milk Chocolate","167","CUST-1253"
"SO-9517","2024-11-21","P103","Golden Cocoa Truffles","189","CUST-1130"
"SO-9518","2022-11-23","P101","Magical Dark Chocolate","28","CUST-1153"
"SO-9519","2026-04-17","P103","Golden Cocoa Truffles","169","CUST-1071"
"SO-9520","2024-02-27","P101","Magical Dark Chocolate","130","CUST-1009"
"SO-9521","2025-07-17","P103","Golden Cocoa Truffles","46","CUST-1171"
"SO-9522","2026-03-23","P103","Golden Cocoa Truffles","122","CUST-1296"
"SO-9523","2023-02-14","P103","Golden Cocoa Truffles","160","CUST-1273"
"SO-9524","2023-09-22","P103","Golden Cocoa Truffles","177","CUST-1347"
"SO-9525","2023-04-21","P101","Magical Dark Chocolate","137","CUST-1410"
"SO-9526","2023-08-21","P103","Golden Cocoa Truffles","88","CUST-1395"
"SO-9527","2024-06-02","P102","Enchanted Milk Chocolate","51","CUST-1413"
"SO-9528","2022-11-29","P201","Mystic White Chocolate","142","CUST-1308"
"SO-9529","2022-12-22","P201","Mystic White Chocolate","180","CUST-1254"
"SO-9530","2025-10-30","P201","Mystic White Chocolate","62","CUST-1020"
"SO-9531","2024-01-21","P103","Golden Cocoa Truffles","169","CUST-1044"
"SO-9532","2025-07-20","P103","Golden Cocoa Truffles","171","CUST-1168"
"SO-9533","2024-11-28","P103","Golden Cocoa Truffles","87","CUST-1029"
"SO-9534","2023-12-19","P103","Golden Cocoa Truffles","162","CUST-1326"
"SO-9535","2025-10-07","P101","Magical Dark Chocolate","106","CUST-1139"
"SO-9536","2025-01-12","P201","Mystic White Chocolate","199","CUST-1454"
"SO-9537","2023-12-05","P102","Enchanted Milk Chocolate","38","CUST-1013"
"SO-9538","2023-03-24","P201","Mystic White Chocolate","194","CUST-1448"
"SO-9539","2022-11-18","P201","Mystic White Chocolate","147","CUST-1107"
"SO-9540","2025-07-29","P103","Golden Cocoa Truffles","123","CUST-1258"
"SO-9541","2022-10-05","P103","Golden Cocoa Truffles","43","CUST-1292"
"SO-9542","2022-05-13","P101","Magical Dark Chocolate","46","CUST-1355"
"SO-9543","2025-06-21","P201","Mystic White Chocolate","136","CUST-1159"
"SO-9544","2025-10-30","P102","Enchanted Milk Chocolate","108","CUST-1346"
"SO-9545","2025-05-28","P201","Mystic White Chocolate","18","CUST-1302"
"SO-9546","2025-12-01","P101","Magical Dark Chocolate","18","CUST-1213"
"SO-9547","2025-12-16","P103","Golden Cocoa Truffles","35","CUST-1237"
"SO-9548","2024-06-20","P102","Enchanted Milk Chocolate","128","CUST-1337"
"SO-9549","2024-07-19","P102","Enchanted Milk Chocolate","101","CUST-1214"
"SO-9550","2024-02-27","P102","Enchanted Milk Chocolate","199","CUST-1028"
"SO-9551","2026-02-17","P101","Magical Dark Chocolate","141","CUST-1118"
"SO-9552","2024-12-28","P103","Golden Cocoa Truffles","159","CUST-1236"
"SO-9553","2025-07-25","P103","Golden Cocoa Truffles","61","CUST-1347"
"SO-9554","2023-09-19","P103","Golden Cocoa Truffles","88","CUST-1358"
"SO-9555","2023-08-02","P101","Magical Dark Chocolate","101","CUST-1392"
"SO-9556","2022-08-24","P101","Magical Dark Chocolate","86","CUST-1056"
"SO-9557","2026-02-06","P201","Mystic White Chocolate","61","CUST-1360"
"SO-9558","2025-11-24","P101","Magical Dark Chocolate","137","CUST-1090"
"SO-9559","2024-02-02","P201","Mystic White Chocolate","157","CUST-1168"
"SO-9560","2025-11-17","P101","Magical Dark Chocolate","84","CUST-1111"
"SO-9561","2025-04-19","P102","Enchanted Milk Chocolate","110","CUST-1500"
"SO-9562","2022-03-17","P101","Magical Dark Chocolate","108","CUST-1123"
"SO-9563","2025-07-09","P201","Mystic White Chocolate","196","CUST-1446"
"SO-9564","2026-01-23","P102","Enchanted Milk Chocolate","77","CUST-1397"
"SO-9565","2022-06-15","P201","Mystic White Chocolate","103","CUST-1464"
"SO-9566","2024-09-05","P102","Enchanted Milk Chocolate","46","CUST-1068"
"SO-9567","2023-06-20","P101","Magical Dark Chocolate","160","CUST-1366"
"SO-9568","2023-09-21","P102","Enchanted Milk Chocolate","117","CUST-1435"
"SO-9569","2022-02-13","P101","Magical Dark Chocolate","126","CUST-1166"
"SO-9570","2023-12-15","P201","Mystic White Chocolate","177","CUST-1481"
"SO-9571","2023-04-11","P201","Mystic White Chocolate","188","CUST-1110"
"SO-9572","2022-06-17","P102","Enchanted Milk Chocolate","18","CUST-1284"
"SO-9573","2023-08-10","P201","Mystic White Chocolate","199","CUST-1208"
"SO-9574","2025-07-09","P101","Magical Dark Chocolate","164","CUST-1055"
"SO-9575","2024-08-18","P102","Enchanted Milk Chocolate","113","CUST-1305"
"SO-9576","2026-02-15","P101","Magical Dark Chocolate","67","CUST-1259"
"SO-9577","2025-03-23","P101","Magical Dark Chocolate","140","CUST-1450"
"SO-9578","2025-07-10","P102","Enchanted Milk Chocolate","28","CUST-1244"
"SO-9579","2024-07-26","P102","Enchanted Milk Chocolate","69","CUST-1086"
"SO-9580","2022-09-17","P201","Mystic White Chocolate","18","CUST-1006"
"SO-9581","2022-08-08","P101","Magical Dark Chocolate","45","CUST-1320"
"SO-9582","2025-09-11","P102","Enchanted Milk Chocolate","115","CUST-1455"
"SO-9583","2022-07-03","P101","Magical Dark Chocolate","125","CUST-1500"
"SO-9584","2023-08-06","P102","Enchanted Milk Chocolate","47","CUST-1076"
"SO-9585","2022-04-27","P102","Enchanted Milk Chocolate","143","CUST-1388"
"SO-9586","2023-12-17","P101","Magical Dark Chocolate","121","CUST-1284"
"SO-9587","2023-02-28","P201","Mystic White Chocolate","29","CUST-1272"
"SO-9588","2024-07-07","P102","Enchanted Milk Chocolate","64","CUST-1406"
"SO-9589","2026-01-03","P201","Mystic White Chocolate","121","CUST-1337"
"SO-9590","2024-04-30","P201","Mystic White Chocolate","113","CUST-1326"
"SO-9591","2025-08-15","P101","Magical Dark Chocolate","86","CUST-1101"
"SO-9592","2022-03-05","P201","Mystic White Chocolate","134","CUST-1234"
"SO-9593","2024-07-08","P102","Enchanted Milk Chocolate","200","CUST-1346"
"SO-9594","2022-05-05","P103","Golden Cocoa Truffles","119","CUST-1451"
"SO-9595","2024-01-18","P102","Enchanted Milk Chocolate","66","CUST-1304"
"SO-9596","2023-10-12","P201","Mystic White Chocolate","154","CUST-1338"
"SO-9597","2025-02-03","P102","Enchanted Milk Chocolate","114","CUST-1015"
"SO-9598","2025-02-26","P102","Enchanted Milk Chocolate","121","CUST-1346"
"SO-9599","2023-01-26","P103","Golden Cocoa Truffles","152","CUST-1017"
"SO-9600","2022-12-29","P102","Enchanted Milk Chocolate","105","CUST-1044"
"SO-9601","2025-08-10","P201","Mystic White Chocolate","141","CUST-1331"
"SO-9602","2023-11-21","P201","Mystic White Chocolate","100","CUST-1099"
"SO-9603","2023-02-17","P102","Enchanted Milk Chocolate","101","CUST-1064"
"SO-9604","2026-03-21","P201","Mystic White Chocolate","156","CUST-1269"
"SO-9605","2022-07-18","P101","Magical Dark Chocolate","123","CUST-1272"
"SO-9606","2024-06-05","P103","Golden Cocoa Truffles","119","CUST-1173"
"SO-9607","2025-08-10","P201","Mystic White Chocolate","138","CUST-1216"
"SO-9608","2024-12-24","P101","Magical Dark Chocolate","143","CUST-1169"
"SO-9609","2023-08-26","P103","Golden Cocoa Truffles","186","CUST-1250"
"SO-9610","2025-01-09","P103","Golden Cocoa Truffles","199","CUST-1028"
"SO-9611","2022-05-17","P102","Enchanted Milk Chocolate","60","CUST-1136"
"SO-9612","2024-06-29","P101","Magical Dark Chocolate","116","CUST-1181"
"SO-9613","2023-01-20","P102","Enchanted Milk Chocolate","23","CUST-1154"
"SO-9614","2025-12-15","P201","Mystic White Chocolate","16","CUST-1377"
"SO-9615","2022-02-02","P103","Golden Cocoa Truffles","40","CUST-1195"
"SO-9616","2025-05-31","P201","Mystic White Chocolate","73","CUST-1313"
"SO-9617","2024-01-31","P201","Mystic White Chocolate","135","CUST-1214"
"SO-9618","2022-11-28","P103","Golden Cocoa Truffles","186","CUST-1129"
"SO-9619","2026-03-19","P102","Enchanted Milk Chocolate","39","CUST-1111"
"SO-9620","2023-04-05","P103","Golden Cocoa Truffles","89","CUST-1282"
"SO-9621","2022-09-18","P101","Magical Dark Chocolate","109","CUST-1101"
"SO-9622","2022-04-14","P101","Magical Dark Chocolate","150","CUST-1353"
"SO-9623","2024-08-05","P201","Mystic White Chocolate","97","CUST-1162"
"SO-9624","2026-03-16","P201","Mystic White Chocolate","148","CUST-1014"
"SO-9625","2026-03-14","P101","Magical Dark Chocolate","147","CUST-1067"
"SO-9626","2022-03-06","P201","Mystic White Chocolate","80","CUST-1170"
"SO-9627","2025-01-11","P201","Mystic White Chocolate","145","CUST-1225"
"SO-9628","2023-12-14","P101","Magical Dark Chocolate","104","CUST-1242"
"SO-9629","2026-01-19","P101","Magical Dark Chocolate","60","CUST-1185"
"SO-9630","2022-12-12","P103","Golden Cocoa Truffles","184","CUST-1427"
"SO-9631","2024-09-27","P201","Mystic White Chocolate","140","CUST-1448"
"SO-9632","2023-03-30","P201","Mystic White Chocolate","120","CUST-1461"
"SO-9633","2023-05-06","P103","Golden Cocoa Truffles","49","CUST-1154"
"SO-9634","2026-03-07","P101","Magical Dark Chocolate","65","CUST-1011"
"SO-9635","2025-07-25","P101","Magical Dark Chocolate","78","CUST-1355"
"SO-9636","2023-03-24","P201","Mystic White Chocolate","151","CUST-1008"
"SO-9637","2026-01-23","P201","Mystic White Chocolate","73","CUST-1447"
"SO-9638","2022-03-01","P101","Magical Dark Chocolate","186","CUST-1361"
"SO-9639","2022-06-01","P103","Golden Cocoa Truffles","163","CUST-1019"
"SO-9640","2025-12-14","P103","Golden Cocoa Truffles","174","CUST-1316"
"SO-9641","2023-04-12","P103","Golden Cocoa Truffles","194","CUST-1372"
"SO-9642","2023-08-26","P103","Golden Cocoa Truffles","71","CUST-1039"
"SO-9643","2026-05-17","P102","Enchanted Milk Chocolate","40","CUST-1241"
"SO-9644","2022-10-04","P101","Magical Dark Chocolate","22","CUST-1040"
"SO-9645","2024-09-25","P201","Mystic White Chocolate","118","CUST-1180"
"SO-9646","2022-09-11","P103","Golden Cocoa Truffles","16","CUST-1086"
"SO-9647","2025-09-10","P201","Mystic White Chocolate","180","CUST-1051"
"SO-9648","2024-02-21","P103","Golden Cocoa Truffles","133","CUST-1203"
"SO-9649","2023-07-30","P102","Enchanted Milk Chocolate","17","CUST-1338"
"SO-9650","2025-07-16","P102","Enchanted Milk Chocolate","97","CUST-1144"
"SO-9651","2022-08-17","P201","Mystic White Chocolate","76","CUST-1370"
"SO-9652","2026-04-07","P103","Golden Cocoa Truffles","153","CUST-1172"
"SO-9653","2025-06-03","P101","Magical Dark Chocolate","48","CUST-1264"
"SO-9654","2025-08-05","P102","Enchanted Milk Chocolate","152","CUST-1148"
"SO-9655","2026-02-19","P201","Mystic White Chocolate","76","CUST-1273"
"SO-9656","2023-04-28","P103","Golden Cocoa Truffles","115","CUST-1473"
"SO-9657","2024-10-16","P101","Magical Dark Chocolate","166","CUST-1287"
"SO-9658","2023-12-01","P101","Magical Dark Chocolate","103","CUST-1145"
"SO-9659","2023-04-21","P102","Enchanted Milk Chocolate","178","CUST-1169"
"SO-9660","2026-04-06","P102","Enchanted Milk Chocolate","153","CUST-1182"
"SO-9661","2024-05-02","P103","Golden Cocoa Truffles","22","CUST-1122"
"SO-9662","2024-10-31","P102","Enchanted Milk Chocolate","114","CUST-1400"
"SO-9663","2025-08-28","P102","Enchanted Milk Chocolate","192","CUST-1182"
"SO-9664","2025-11-20","P103","Golden Cocoa Truffles","105","CUST-1207"
"SO-9665","2024-07-29","P103","Golden Cocoa Truffles","69","CUST-1375"
"SO-9666","2024-03-25","P101","Magical Dark Chocolate","144","CUST-1067"
"SO-9667","2024-06-05","P103","Golden Cocoa Truffles","90","CUST-1452"
"SO-9668","2026-02-27","P101","Magical Dark Chocolate","36","CUST-1357"
"SO-9669","2025-02-10","P103","Golden Cocoa Truffles","32","CUST-1125"
"SO-9670","2025-08-22","P201","Mystic White Chocolate","169","CUST-1181"
"SO-9671","2024-12-14","P102","Enchanted Milk Chocolate","90","CUST-1203"
"SO-9672","2023-10-31","P102","Enchanted Milk Chocolate","91","CUST-1062"
"SO-9673","2024-11-18","P201","Mystic White Chocolate","195","CUST-1135"
"SO-9674","2022-09-14","P101","Magical Dark Chocolate","155","CUST-1065"
"SO-9675","2025-06-03","P101","Magical Dark Chocolate","22","CUST-1236"
"SO-9676","2024-04-08","P101","Magical Dark Chocolate","38","CUST-1140"
"SO-9677","2024-02-23","P103","Golden Cocoa Truffles","46","CUST-1365"
"SO-9678","2025-07-26","P101","Magical Dark Chocolate","46","CUST-1131"
"SO-9679","2024-05-01","P103","Golden Cocoa Truffles","161","CUST-1005"
"SO-9680","2025-06-30","P201","Mystic White Chocolate","72","CUST-1352"
"SO-9681","2025-11-23","P201","Mystic White Chocolate","69","CUST-1292"
"SO-9682","2022-05-21","P102","Enchanted Milk Chocolate","162","CUST-1445"
"SO-9683","2023-11-19","P102","Enchanted Milk Chocolate","154","CUST-1458"
"SO-9684","2022-02-19","P103","Golden Cocoa Truffles","56","CUST-1501"
"SO-9685","2025-01-02","P102","Enchanted Milk Chocolate","90","CUST-1465"
"SO-9686","2023-12-06","P201","Mystic White Chocolate","32","CUST-1349"
"SO-9687","2025-10-08","P201","Mystic White Chocolate","35","CUST-1396"
"SO-9688","2026-01-02","P103","Golden Cocoa Truffles","22","CUST-1051"
"SO-9689","2023-08-23","P103","Golden Cocoa Truffles","87","CUST-1162"
"SO-9690","2022-09-05","P201","Mystic White Chocolate","150","CUST-1107"
"SO-9691","2026-05-16","P101","Magical Dark Chocolate","59","CUST-1376"
"SO-9692","2024-04-05","P101","Magical Dark Chocolate","86","CUST-1246"
"SO-9693","2022-08-07","P102","Enchanted Milk Chocolate","64","CUST-1195"
"SO-9694","2025-04-19","P101","Magical Dark Chocolate","70","CUST-1396"
"SO-9695","2026-01-29","P201","Mystic White Chocolate","196","CUST-1426"
"SO-9696","2022-11-11","P102","Enchanted Milk Chocolate","166","CUST-1297"
"SO-9697","2023-03-08","P102","Enchanted Milk Chocolate","127","CUST-1144"
"SO-9698","2024-11-29","P102","Enchanted Milk Chocolate","22","CUST-1356"
"SO-9699","2023-02-26","P101","Magical Dark Chocolate","109","CUST-1019"
"SO-9700","2022-07-24","P103","Golden Cocoa Truffles","96","CUST-1072"
"SO-9701","2022-12-13","P201","Mystic White Chocolate","84","CUST-1015"
"SO-9702","2024-10-02","P103","Golden Cocoa Truffles","138","CUST-1466"
"SO-9703","2023-03-03","P101","Magical Dark Chocolate","151","CUST-1355"
"SO-9704","2023-12-05","P101","Magical Dark Chocolate","170","CUST-1349"
"SO-9705","2026-02-27","P103","Golden Cocoa Truffles","25","CUST-1016"
"SO-9706","2024-10-13","P102","Enchanted Milk Chocolate","116","CUST-1433"
"SO-9707","2025-04-01","P201","Mystic White Chocolate","180","CUST-1328"
"SO-9708","2022-07-05","P101","Magical Dark Chocolate","29","CUST-1088"
"SO-9709","2025-11-19","P103","Golden Cocoa Truffles","171","CUST-1493"
"SO-9710","2023-01-17","P103","Golden Cocoa Truffles","86","CUST-1393"
"SO-9711","2023-08-16","P102","Enchanted Milk Chocolate","141","CUST-1348"
"SO-9712","2022-06-30","P201","Mystic White Chocolate","107","CUST-1257"
"SO-9713","2024-07-05","P201","Mystic White Chocolate","113","CUST-1257"
"SO-9714","2024-04-06","P102","Enchanted Milk Chocolate","105","CUST-1251"
"SO-9715","2026-05-21","P103","Golden Cocoa Truffles","37","CUST-1101"
"SO-9716","2023-02-23","P101","Magical Dark Chocolate","103","CUST-1166"
"SO-9717","2025-01-10","P201","Mystic White Chocolate","95","CUST-1042"
"SO-9718","2023-12-14","P101","Magical Dark Chocolate","87","CUST-1167"
"SO-9719","2023-01-02","P103","Golden Cocoa Truffles","40","CUST-1407"
"SO-9720","2022-10-16","P201","Mystic White Chocolate","31","CUST-1231"
"SO-9721","2025-04-21","P201","Mystic White Chocolate","169","CUST-1025"
"SO-9722","2024-12-22","P101","Magical Dark Chocolate","192","CUST-1053"
"SO-9723","2025-12-23","P201","Mystic White Chocolate","16","CUST-1459"
"SO-9724","2024-08-31","P102","Enchanted Milk Chocolate","34","CUST-1337"
"SO-9725","2024-08-03","P103","Golden Cocoa Truffles","39","CUST-1420"
"SO-9726","2022-01-12","P102","Enchanted Milk Chocolate","177","CUST-1078"
"SO-9727","2025-12-01","P103","Golden Cocoa Truffles","161","CUST-1160"
"SO-9728","2024-07-16","P103","Golden Cocoa Truffles","145","CUST-1062"
"SO-9729","2022-05-02","P101","Magical Dark Chocolate","173","CUST-1196"
"SO-9730","2022-03-12","P102","Enchanted Milk Chocolate","193","CUST-1443"
"SO-9731","2022-04-03","P103","Golden Cocoa Truffles","122","CUST-1306"
"SO-9732","2023-06-24","P201","Mystic White Chocolate","147","CUST-1484"
"SO-9733","2024-09-20","P102","Enchanted Milk Chocolate","117","CUST-1166"
"SO-9734","2024-06-16","P102","Enchanted Milk Chocolate","81","CUST-1401"
"SO-9735","2025-08-23","P103","Golden Cocoa Truffles","143","CUST-1093"
"SO-9736","2024-02-13","P102","Enchanted Milk Chocolate","164","CUST-1167"
"SO-9737","2025-02-28","P101","Magical Dark Chocolate","122","CUST-1172"
"SO-9738","2024-07-28","P102","Enchanted Milk Chocolate","10","CUST-1498"
"SO-9739","2022-12-06","P201","Mystic White Chocolate","188","CUST-1135"
"SO-9740","2025-11-09","P201","Mystic White Chocolate","13","CUST-1293"
"SO-9741","2023-04-14","P102","Enchanted Milk Chocolate","145","CUST-1231"
"SO-9742","2023-03-09","P101","Magical Dark Chocolate","146","CUST-1490"
"SO-9743","2024-01-03","P102","Enchanted Milk Chocolate","109","CUST-1035"
"SO-9744","2022-08-23","P102","Enchanted Milk Chocolate","77","CUST-1262"
"SO-9745","2026-05-05","P101","Magical Dark Chocolate","124","CUST-1111"
"SO-9746","2025-11-12","P102","Enchanted Milk Chocolate","20","CUST-1468"
"SO-9747","2026-03-29","P102","Enchanted Milk Chocolate","198","CUST-1071"
"SO-9748","2025-01-19","P103","Golden Cocoa Truffles","66","CUST-1033"
"SO-9749","2025-08-12","P201","Mystic White Chocolate","180","CUST-1485"
"SO-9750","2023-11-14","P102","Enchanted Milk Chocolate","144","CUST-1228"
"SO-9751","2022-09-26","P201","Mystic White Chocolate","148","CUST-1279"
"SO-9752","2022-07-15","P101","Magical Dark Chocolate","80","CUST-1254"
"SO-9753","2022-09-23","P101","Magical Dark Chocolate","194","CUST-1121"
"SO-9754","2023-05-16","P102","Enchanted Milk Chocolate","140","CUST-1485"
"SO-9755","2022-07-22","P201","Mystic White Chocolate","124","CUST-1172"
"SO-9756","2024-10-08","P102","Enchanted Milk Chocolate","128","CUST-1423"
"SO-9757","2025-07-06","P201","Mystic White Chocolate","184","CUST-1494"
"SO-9758","2022-08-05","P102","Enchanted Milk Chocolate","172","CUST-1462"
"SO-9759","2023-01-19","P201","Mystic White Chocolate","98","CUST-1216"
"SO-9760","2022-09-11","P103","Golden Cocoa Truffles","85","CUST-1374"
"SO-9761","2023-11-02","P101","Magical Dark Chocolate","163","CUST-1328"
"SO-9762","2026-05-19","P201","Mystic White Chocolate","194","CUST-1179"
"SO-9763","2022-12-27","P201","Mystic White Chocolate","143","CUST-1073"
"SO-9764","2023-04-17","P101","Magical Dark Chocolate","23","CUST-1374"
"SO-9765","2022-01-15","P201","Mystic White Chocolate","82","CUST-1103"
"SO-9766","2022-10-02","P103","Golden Cocoa Truffles","55","CUST-1380"
"SO-9767","2022-12-30","P102","Enchanted Milk Chocolate","46","CUST-1232"
"SO-9768","2023-09-30","P103","Golden Cocoa Truffles","34","CUST-1436"
"SO-9769","2025-08-19","P201","Mystic White Chocolate","93","CUST-1181"
"SO-9770","2022-02-09","P102","Enchanted Milk Chocolate","190","CUST-1181"
"SO-9771","2022-10-04","P101","Magical Dark Chocolate","157","CUST-1197"
"SO-9772","2025-07-31","P101","Magical Dark Chocolate","193","CUST-1050"
"SO-9773","2024-11-01","P201","Mystic White Chocolate","31","CUST-1461"
"SO-9774","2024-06-28","P103","Golden Cocoa Truffles","52","CUST-1004"
"SO-9775","2026-02-01","P102","Enchanted Milk Chocolate","94","CUST-1166"
"SO-9776","2024-05-24","P103","Golden Cocoa Truffles","139","CUST-1128"
"SO-9777","2025-08-22","P102","Enchanted Milk Chocolate","195","CUST-1401"
"SO-9778","2026-01-12","P103","Golden Cocoa Truffles","140","CUST-1149"
"SO-9779","2023-09-01","P201","Mystic White Chocolate","70","CUST-1394"
"SO-9780","2024-09-23","P201","Mystic White Chocolate","26","CUST-1447"
"SO-9781","2023-05-16","P201","Mystic White Chocolate","181","CUST-1258"
"SO-9782","2024-07-19","P103","Golden Cocoa Truffles","83","CUST-1144"
"SO-9783","2026-04-07","P201","Mystic White Chocolate","53","CUST-1210"
"SO-9784","2025-01-11","P103","Golden Cocoa Truffles","176","CUST-1106"
"SO-9785","2025-04-20","P101","Magical Dark Chocolate","141","CUST-1168"
"SO-9786","2026-01-09","P103","Golden Cocoa Truffles","55","CUST-1465"
"SO-9787","2024-12-28","P101","Magical Dark Chocolate","185","CUST-1124"
"SO-9788","2024-07-08","P102","Enchanted Milk Chocolate","187","CUST-1093"
"SO-9789","2023-10-20","P101","Magical Dark Chocolate","59","CUST-1368"
"SO-9790","2023-06-10","P101","Magical Dark Chocolate","126","CUST-1336"
"SO-9791","2022-05-24","P103","Golden Cocoa Truffles","165","CUST-1365"
"SO-9792","2022-05-06","P201","Mystic White Chocolate","74","CUST-1380"
"SO-9793","2024-11-05","P102","Enchanted Milk Chocolate","29","CUST-1262"
"SO-9794","2022-08-25","P103","Golden Cocoa Truffles","190","CUST-1351"
"SO-9795","2023-08-31","P201","Mystic White Chocolate","128","CUST-1394"
"SO-9796","2022-10-11","P102","Enchanted Milk Chocolate","199","CUST-1303"
"SO-9797","2024-01-12","P102","Enchanted Milk Chocolate","111","CUST-1010"
"SO-9798","2023-09-03","P201","Mystic White Chocolate","112","CUST-1075"
"SO-9799","2025-05-06","P101","Magical Dark Chocolate","39","CUST-1198"
"SO-9800","2023-12-22","P102","Enchanted Milk Chocolate","180","CUST-1265"
"SO-9801","2022-03-04","P103","Golden Cocoa Truffles","31","CUST-1049"
"SO-9802","2024-11-17","P102","Enchanted Milk Chocolate","14","CUST-1429"
"SO-9803","2023-10-29","P103","Golden Cocoa Truffles","172","CUST-1038"
"SO-9804","2024-05-27","P102","Enchanted Milk Chocolate","181","CUST-1160"
"SO-9805","2024-11-23","P201","Mystic White Chocolate","77","CUST-1211"
"SO-9806","2023-08-27","P201","Mystic White Chocolate","149","CUST-1319"
"SO-9807","2023-02-17","P102","Enchanted Milk Chocolate","144","CUST-1394"
"SO-9808","2025-05-13","P102","Enchanted Milk Chocolate","50","CUST-1452"
"SO-9809","2024-04-28","P201","Mystic White Chocolate","131","CUST-1064"
"SO-9810","2022-02-06","P201","Mystic White Chocolate","124","CUST-1260"
"SO-9811","2025-11-11","P201","Mystic White Chocolate","146","CUST-1382"
"SO-9812","2023-03-03","P103","Golden Cocoa Truffles","163","CUST-1257"
"SO-9813","2024-06-11","P101","Magical Dark Chocolate","62","CUST-1040"
"SO-9814","2023-04-17","P201","Mystic White Chocolate","48","CUST-1364"
"SO-9815","2023-05-25","P102","Enchanted Milk Chocolate","81","CUST-1266"
"SO-9816","2022-04-15","P102","Enchanted Milk Chocolate","99","CUST-1437"
"SO-9817","2025-07-19","P102","Enchanted Milk Chocolate","125","CUST-1476"
"SO-9818","2022-12-31","P101","Magical Dark Chocolate","168","CUST-1369"
"SO-9819","2025-04-12","P101","Magical Dark Chocolate","186","CUST-1106"
"SO-9820","2023-08-03","P102","Enchanted Milk Chocolate","124","CUST-1367"
"SO-9821","2022-06-25","P102","Enchanted Milk Chocolate","56","CUST-1028"
"SO-9822","2022-06-28","P103","Golden Cocoa Truffles","104","CUST-1359"
"SO-9823","2026-01-22","P101","Magical Dark Chocolate","189","CUST-1407"
"SO-9824","2022-10-19","P201","Mystic White Chocolate","134","CUST-1273"
"SO-9825","2024-08-09","P103","Golden Cocoa Truffles","55","CUST-1040"
"SO-9826","2022-10-25","P101","Magical Dark Chocolate","151","CUST-1199"
"SO-9827","2024-07-31","P201","Mystic White Chocolate","129","CUST-1471"
"SO-9828","2024-08-14","P201","Mystic White Chocolate","150","CUST-1386"
"SO-9829","2025-09-17","P201","Mystic White Chocolate","104","CUST-1452"
"SO-9830","2022-02-08","P101","Magical Dark Chocolate","117","CUST-1501"
"SO-9831","2023-01-24","P201","Mystic White Chocolate","57","CUST-1134"
"SO-9832","2024-12-26","P101","Magical Dark Chocolate","182","CUST-1188"
"SO-9833","2024-06-13","P102","Enchanted Milk Chocolate","80","CUST-1004"
"SO-9834","2025-07-16","P103","Golden Cocoa Truffles","65","CUST-1046"
"SO-9835","2025-06-05","P103","Golden Cocoa Truffles","16","CUST-1123"
"SO-9836","2022-11-17","P101","Magical Dark Chocolate","164","CUST-1266"
"SO-9837","2026-05-21","P101","Magical Dark Chocolate","191","CUST-1359"
"SO-9838","2025-08-14","P103","Golden Cocoa Truffles","64","CUST-1239"
"SO-9839","2022-11-25","P103","Golden Cocoa Truffles","157","CUST-1381"
"SO-9840","2022-01-02","P102","Enchanted Milk Chocolate","38","CUST-1393"
"SO-9841","2022-10-17","P103","Golden Cocoa Truffles","60","CUST-1030"
"SO-9842","2026-02-19","P101","Magical Dark Chocolate","65","CUST-1053"
"SO-9843","2026-04-18","P101","Magical Dark Chocolate","67","CUST-1399"
"SO-9844","2023-04-02","P103","Golden Cocoa Truffles","26","CUST-1055"
"SO-9845","2024-10-24","P201","Mystic White Chocolate","65","CUST-1479"
"SO-9846","2023-08-26","P201","Mystic White Chocolate","189","CUST-1150"
"SO-9847","2023-06-24","P201","Mystic White Chocolate","80","CUST-1066"
"SO-9848","2022-03-04","P201","Mystic White Chocolate","167","CUST-1427"
"SO-9849","2025-07-27","P102","Enchanted Milk Chocolate","179","CUST-1037"
"SO-9850","2024-10-24","P201","Mystic White Chocolate","143","CUST-1341"
"SO-9851","2022-12-10","P201","Mystic White Chocolate","18","CUST-1332"
"SO-9852","2023-03-30","P103","Golden Cocoa Truffles","81","CUST-1306"
"SO-9853","2024-10-21","P101","Magical Dark Chocolate","132","CUST-1354"
"SO-9854","2024-04-02","P102","Enchanted Milk Chocolate","98","CUST-1258"
"SO-9855","2024-01-07","P101","Magical Dark Chocolate","195","CUST-1219"
"SO-9856","2023-09-17","P101","Magical Dark Chocolate","130","CUST-1471"
"SO-9857","2024-05-12","P201","Mystic White Chocolate","74","CUST-1191"
"SO-9858","2026-02-01","P201","Mystic White Chocolate","39","CUST-1215"
"SO-9859","2023-06-22","P102","Enchanted Milk Chocolate","78","CUST-1418"
"SO-9860","2023-11-14","P201","Mystic White Chocolate","136","CUST-1473"
"SO-9861","2024-05-15","P102","Enchanted Milk Chocolate","157","CUST-1275"
"SO-9862","2026-05-04","P201","Mystic White Chocolate","163","CUST-1012"
"SO-9863","2025-12-06","P201","Mystic White Chocolate","135","CUST-1465"
"SO-9864","2025-02-23","P102","Enchanted Milk Chocolate","197","CUST-1468"
"SO-9865","2024-12-28","P103","Golden Cocoa Truffles","117","CUST-1422"
"SO-9866","2024-09-02","P102","Enchanted Milk Chocolate","30","CUST-1440"
"SO-9867","2022-05-08","P201","Mystic White Chocolate","60","CUST-1462"
"SO-9868","2025-12-05","P102","Enchanted Milk Chocolate","75","CUST-1488"
"SO-9869","2023-09-28","P102","Enchanted Milk Chocolate","116","CUST-1140"
"SO-9870","2024-12-01","P201","Mystic White Chocolate","162","CUST-1380"
"SO-9871","2024-01-04","P201","Mystic White Chocolate","52","CUST-1489"
"SO-9872","2026-01-02","P201","Mystic White Chocolate","190","CUST-1444"
"SO-9873","2022-09-11","P103","Golden Cocoa Truffles","65","CUST-1143"
"SO-9874","2023-03-26","P103","Golden Cocoa Truffles","196","CUST-1345"
"SO-9875","2026-02-04","P101","Magical Dark Chocolate","162","CUST-1330"
"SO-9876","2023-06-12","P101","Magical Dark Chocolate","138","CUST-1402"
"SO-9877","2022-05-15","P201","Mystic White Chocolate","193","CUST-1255"
"SO-9878","2025-06-17","P103","Golden Cocoa Truffles","157","CUST-1203"
"SO-9879","2024-04-28","P103","Golden Cocoa Truffles","46","CUST-1332"
"SO-9880","2025-04-16","P201","Mystic White Chocolate","10","CUST-1200"
"SO-9881","2024-10-29","P102","Enchanted Milk Chocolate","170","CUST-1373"
"SO-9882","2022-02-06","P101","Magical Dark Chocolate","18","CUST-1284"
"SO-9883","2026-04-27","P201","Mystic White Chocolate","54","CUST-1004"
"SO-9884","2022-07-24","P102","Enchanted Milk Chocolate","141","CUST-1153"
"SO-9885","2025-02-14","P102","Enchanted Milk Chocolate","56","CUST-1306"
"SO-9886","2026-05-03","P102","Enchanted Milk Chocolate","113","CUST-1114"
"SO-9887","2022-02-02","P201","Mystic White Chocolate","114","CUST-1399"
"SO-9888","2024-07-01","P101","Magical Dark Chocolate","157","CUST-1259"
"SO-9889","2023-08-01","P102","Enchanted Milk Chocolate","85","CUST-1501"
"SO-9890","2026-02-26","P101","Magical Dark Chocolate","62","CUST-1198"
"SO-9891","2024-01-02","P102","Enchanted Milk Chocolate","148","CUST-1286"
"SO-9892","2023-06-06","P103","Golden Cocoa Truffles","81","CUST-1113"
"SO-9893","2024-02-01","P101","Magical Dark Chocolate","23","CUST-1427"
"SO-9894","2024-01-20","P103","Golden Cocoa Truffles","152","CUST-1307"
"SO-9895","2022-04-21","P201","Mystic White Chocolate","192","CUST-1332"
"SO-9896","2023-01-14","P101","Magical Dark Chocolate","185","CUST-1065"
"SO-9897","2023-02-15","P102","Enchanted Milk Chocolate","126","CUST-1314"
"SO-9898","2024-12-21","P103","Golden Cocoa Truffles","93","CUST-1244"
"SO-9899","2025-08-13","P201","Mystic White Chocolate","127","CUST-1494"
"SO-9900","2025-12-15","P101","Magical Dark Chocolate","152","CUST-1080"
"SO-9901","2024-07-01","P101","Magical Dark Chocolate","101","CUST-1173"
"SO-9902","2025-10-11","P201","Mystic White Chocolate","107","CUST-1077"
"SO-9903","2025-06-04","P103","Golden Cocoa Truffles","193","CUST-1099"
"SO-9904","2022-05-01","P101","Magical Dark Chocolate","39","CUST-1056"
"SO-9905","2022-07-18","P103","Golden Cocoa Truffles","149","CUST-1474"
"SO-9906","2025-02-09","P201","Mystic White Chocolate","74","CUST-1022"
"SO-9907","2022-05-09","P101","Magical Dark Chocolate","154","CUST-1204"
"SO-9908","2023-04-16","P102","Enchanted Milk Chocolate","54","CUST-1369"
"SO-9909","2024-04-07","P103","Golden Cocoa Truffles","17","CUST-1373"
"SO-9910","2023-03-23","P101","Magical Dark Chocolate","41","CUST-1033"
"SO-9911","2023-01-04","P101","Magical Dark Chocolate","160","CUST-1018"
"SO-9912","2023-11-17","P103","Golden Cocoa Truffles","92","CUST-1302"
"SO-9913","2026-04-04","P201","Mystic White Chocolate","92","CUST-1073"
"SO-9914","2022-01-26","P102","Enchanted Milk Chocolate","122","CUST-1424"
"SO-9915","2022-01-02","P103","Golden Cocoa Truffles","179","CUST-1152"
"SO-9916","2025-06-04","P102","Enchanted Milk Chocolate","166","CUST-1265"
"SO-9917","2022-03-12","P102","Enchanted Milk Chocolate","31","CUST-1068"
"SO-9918","2025-08-29","P102","Enchanted Milk Chocolate","95","CUST-1257"
"SO-9919","2024-05-22","P201","Mystic White Chocolate","94","CUST-1463"
"SO-9920","2026-01-19","P103","Golden Cocoa Truffles","171","CUST-1259"
"SO-9921","2023-05-30","P201","Mystic White Chocolate","30","CUST-1059"
"SO-9922","2023-01-29","P103","Golden Cocoa Truffles","37","CUST-1059"
"SO-9923","2022-06-29","P103","Golden Cocoa Truffles","106","CUST-1220"
"SO-9924","2024-12-18","P102","Enchanted Milk Chocolate","186","CUST-1096"
"SO-9925","2023-08-08","P102","Enchanted Milk Chocolate","161","CUST-1369"
"SO-9926","2025-09-27","P103","Golden Cocoa Truffles","139","CUST-1284"
"SO-9927","2024-12-12","P102","Enchanted Milk Chocolate","55","CUST-1365"
"SO-9928","2023-10-06","P103","Golden Cocoa Truffles","17","CUST-1438"
"SO-9929","2023-11-23","P102","Enchanted Milk Chocolate","165","CUST-1348"
"SO-9930","2024-10-04","P101","Magical Dark Chocolate","199","CUST-1105"
"SO-9931","2026-02-01","P101","Magical Dark Chocolate","27","CUST-1189"
"SO-9932","2022-09-25","P201","Mystic White Chocolate","128","CUST-1455"
"SO-9933","2022-01-13","P201","Mystic White Chocolate","195","CUST-1341"
"SO-9934","2023-08-03","P103","Golden Cocoa Truffles","195","CUST-1384"
"SO-9935","2025-09-29","P101","Magical Dark Chocolate","76","CUST-1464"
"SO-9936","2024-03-31","P201","Mystic White Chocolate","103","CUST-1409"
"SO-9937","2026-04-01","P103","Golden Cocoa Truffles","88","CUST-1222"
"SO-9938","2023-11-19","P103","Golden Cocoa Truffles","45","CUST-1265"
"SO-9939","2022-06-15","P103","Golden Cocoa Truffles","173","CUST-1498"
"SO-9940","2026-01-29","P201","Mystic White Chocolate","78","CUST-1466"
"SO-9941","2026-02-16","P201","Mystic White Chocolate","143","CUST-1332"
"SO-9942","2025-01-14","P101","Magical Dark Chocolate","184","CUST-1062"
"SO-9943","2025-06-17","P101","Magical Dark Chocolate","96","CUST-1311"
"SO-9944","2025-12-07","P201","Mystic White Chocolate","178","CUST-1326"
"SO-9945","2023-03-10","P102","Enchanted Milk Chocolate","105","CUST-1374"
"SO-9946","2023-12-16","P101","Magical Dark Chocolate","127","CUST-1246"
"SO-9947","2025-06-10","P103","Golden Cocoa Truffles","192","CUST-1430"
"SO-9948","2023-08-08","P101","Magical Dark Chocolate","130","CUST-1441"
"SO-9949","2025-01-19","P201","Mystic White Chocolate","28","CUST-1168"
"SO-9950","2024-03-03","P101","Magical Dark Chocolate","40","CUST-1110"
"SO-9951","2024-06-12","P102","Enchanted Milk Chocolate","28","CUST-1249"
"SO-9952","2024-02-25","P102","Enchanted Milk Chocolate","81","CUST-1276"
"SO-9953","2022-02-12","P102","Enchanted Milk Chocolate","24","CUST-1013"
"SO-9954","2024-11-11","P101","Magical Dark Chocolate","25","CUST-1488"
"SO-9955","2025-01-14","P101","Magical Dark Chocolate","98","CUST-1249"
"SO-9956","2022-12-29","P103","Golden Cocoa Truffles","126","CUST-1215"
"SO-9957","2024-08-07","P201","Mystic White Chocolate","20","CUST-1166"
"SO-9958","2023-10-07","P101","Magical Dark Chocolate","139","CUST-1285"
"SO-9959","2023-12-10","P201","Mystic White Chocolate","141","CUST-1049"
"SO-9960","2022-06-29","P101","Magical Dark Chocolate","64","CUST-1232"
"SO-9961","2024-09-26","P101","Magical Dark Chocolate","18","CUST-1419"
"SO-9962","2024-01-01","P101","Magical Dark Chocolate","105","CUST-1426"
"SO-9963","2023-06-08","P201","Mystic White Chocolate","114","CUST-1130"
"SO-9964","2025-05-10","P201","Mystic White Chocolate","172","CUST-1041"
"SO-9965","2024-10-25","P103","Golden Cocoa Truffles","84","CUST-1474"
"SO-9966","2024-07-12","P102","Enchanted Milk Chocolate","132","CUST-1141"
"SO-9967","2023-06-06","P103","Golden Cocoa Truffles","162","CUST-1216"
"SO-9968","2022-08-16","P103","Golden Cocoa Truffles","76","CUST-1422"
"SO-9969","2025-06-26","P201","Mystic White Chocolate","110","CUST-1097"
"SO-9970","2023-06-12","P101","Magical Dark Chocolate","60","CUST-1355"
"SO-9971","2025-05-13","P102","Enchanted Milk Chocolate","126","CUST-1141"
"SO-9972","2024-06-05","P201","Mystic White Chocolate","94","CUST-1090"
"SO-9973","2024-09-28","P102","Enchanted Milk Chocolate","199","CUST-1215"
"SO-9974","2022-01-19","P102","Enchanted Milk Chocolate","93","CUST-1058"
"SO-9975","2024-03-25","P101","Magical Dark Chocolate","78","CUST-1357"
"SO-9976","2026-02-16","P102","Enchanted Milk Chocolate","153","CUST-1015"
"SO-9977","2024-08-15","P102","Enchanted Milk Chocolate","171","CUST-1165"
"SO-9978","2023-06-06","P102","Enchanted Milk Chocolate","133","CUST-1356"
"SO-9979","2025-03-11","P201","Mystic White Chocolate","33","CUST-1194"
"SO-9980","2025-05-16","P102","Enchanted Milk Chocolate","164","CUST-1160"
"SO-9981","2025-12-08","P101","Magical Dark Chocolate","41","CUST-1119"
"SO-9982","2022-10-06","P101","Magical Dark Chocolate","133","CUST-1486"
"SO-9983","2023-09-30","P102","Enchanted Milk Chocolate","30","CUST-1275"
"SO-9984","2022-04-01","P102","Enchanted Milk Chocolate","25","CUST-1340"
"SO-9985","2022-01-12","P102","Enchanted Milk Chocolate","75","CUST-1390"
"SO-9986","2026-04-01","P201","Mystic White Chocolate","78","CUST-1432"
"SO-9987","2023-11-01","P103","Golden Cocoa Truffles","195","CUST-1124"
"SO-9988","2022-09-02","P101","Magical Dark Chocolate","18","CUST-1226"
"SO-9989","2025-05-22","P102","Enchanted Milk Chocolate","168","CUST-1370"
"SO-9990","2024-01-27","P102","Enchanted Milk Chocolate","163","CUST-1200"
"SO-9991","2025-09-16","P101","Magical Dark Chocolate","125","CUST-1034"
"SO-9992","2022-04-27","P201","Mystic White Chocolate","183","CUST-1268"
"SO-9993","2026-05-20","P201","Mystic White Chocolate","172","CUST-1079"
"SO-9994","2025-03-02","P103","Golden Cocoa Truffles","158","CUST-1317"
"SO-9995","2023-07-10","P102","Enchanted Milk Chocolate","98","CUST-1249"
"SO-9996","2025-06-05","P201","Mystic White Chocolate","88","CUST-1156"
"SO-9997","2023-05-12","P201","Mystic White Chocolate","42","CUST-1042"
"SO-9998","2025-08-07","P101","Magical Dark Chocolate","53","CUST-1275
