ShipmentID,CarrierID,OriginWarehouseID,DestinationAddress,ShipDate,Status
"SHP-1","CAR-03","WH-N","Customer Address","2023-03-27","In Transit"
"SHP-2","CAR-01","WH-E","Customer Address","2022-10-10","Delayed"
"SHP-3","CAR-03","WH-N","Customer Address","2023-01-12","Delivered"
"SHP-4","CAR-03","WH-A","Customer Address","2022-11-20","In Transit"
"SHP-5","CAR-02","WH-E","Customer Address","2025-09-17","Delivered"
"SHP-6","CAR-03","WH-N","Customer Address","2022-05-10","In Transit"
"SHP-7","CAR-01","WH-A","Customer Address","2025-05-04","Delayed"
"SHP-8","CAR-04","WH-E","Customer Address","2024-07-23","Processing"
"SHP-9","CAR-01","WH-N","Customer Address","2025-04-04","Delivered"
"SHP-10","CAR-04","WH-N","Customer Address","2026-03-27","Processing"
"SHP-11","CAR-01","WH-A","Customer Address","2022-05-28","Delivered"
"SHP-12","CAR-04","WH-N","Customer Address","2024-11-08","Processing"
"SHP-13","CAR-04","WH-A","Customer Address","2022-09-29","Delayed"
"SHP-14","CAR-04","WH-N","Customer Address","2025-04-09","Delivered"
"SHP-15","CAR-01","WH-E","Customer Address","2024-01-13","Delayed"
"SHP-16","CAR-01","WH-A","Customer Address","2025-04-27","Processing"
"SHP-17","CAR-04","WH-N","Customer Address","2025-09-12","Delayed"
"SHP-18","CAR-02","WH-N","Customer Address","2024-02-12","Processing"
"SHP-19","CAR-03","WH-N","Customer Address","2024-04-18","Delayed"
"SHP-20","CAR-04","WH-N","Customer Address","2025-01-05","Delivered"
"SHP-21","CAR-03","WH-N","Customer Address","2022-07-03","Delivered"
"SHP-22","CAR-04","WH-A","Customer Address","2025-01-25","Delivered"
"SHP-23","CAR-01","WH-A","Customer Address","2022-12-20","Processing"
"SHP-24","CAR-02","WH-N","Customer Address","2026-02-17","Delayed"
"SHP-25","CAR-01","WH-N","Customer Address","2025-09-17","In Transit"
"SHP-26","CAR-02","WH-A","Customer Address","2024-09-21","Processing"
"SHP-27","CAR-03","WH-E","Customer Address","2025-12-14","Delivered"
"SHP-28","CAR-01","WH-N","Customer Address","2024-07-22","Delayed"
"SHP-29","CAR-01","WH-A","Customer Address","2025-09-16","Delayed"
"SHP-30","CAR-02","WH-N","Customer Address","2023-03-18","In Transit"
"SHP-31","CAR-04","WH-E","Customer Address","2025-09-06","In Transit"
"SHP-32","CAR-01","WH-A","Customer Address","2025-05-15","In Transit"
"SHP-33","CAR-02","WH-E","Customer Address","2023-04-13","In Transit"
"SHP-34","CAR-03","WH-A","Customer Address","2024-05-29","In Transit"
"SHP-35","CAR-04","WH-N","Customer Address","2022-07-12","Delayed"
"SHP-36","CAR-03","WH-N","Customer Address","2024-05-29","Delivered"
"SHP-37","CAR-03","WH-N","Customer Address","2023-07-10","Delivered"
"SHP-38","CAR-03","WH-A","Customer Address","2023-05-30","In Transit"
"SHP-39","CAR-04","WH-N","Customer Address","2023-01-16","Processing"
"SHP-40","CAR-03","WH-A","Customer Address","2022-09-26","Delayed"
"SHP-41","CAR-01","WH-N","Customer Address","2025-03-08","Processing"
"SHP-42","CAR-01","WH-E","Customer Address","2022-03-14","In Transit"
"SHP-43","CAR-03","WH-A","Customer Address","2024-07-03","In Transit"
"SHP-44","CAR-03","WH-N","Customer Address","2025-09-26","Processing"
"SHP-45","CAR-02","WH-N","Customer Address","2022-03-02","Delivered"
"SHP-46","CAR-03","WH-A","Customer Address","2025-03-31","Delayed"
"SHP-47","CAR-02","WH-E","Customer Address","2022-11-21","Processing"
"SHP-48","CAR-02","WH-N","Customer Address","2024-09-02","Delivered"
"SHP-49","CAR-02","WH-E","Customer Address","2022-01-17","In Transit"
"SHP-50","CAR-01","WH-E","Customer Address","2025-12-25","Processing"
"SHP-51","CAR-01","WH-N","Customer Address","2025-06-06","Processing"
"SHP-52","CAR-01","WH-N","Customer Address","2025-11-10","Delivered"
"SHP-53","CAR-02","WH-E","Customer Address","2024-01-09","Delivered"
"SHP-54","CAR-04","WH-N","Customer Address","2024-07-14","Processing"
"SHP-55","CAR-01","WH-E","Customer Address","2025-01-03","In Transit"
"SHP-56","CAR-03","WH-A","Customer Address","2024-10-05","In Transit"
"SHP-57","CAR-01","WH-N","Customer Address","2025-03-06","Delayed"
"SHP-58","CAR-01","WH-A","Customer Address","2023-09-06","Delivered"
"SHP-59","CAR-02","WH-N","Customer Address","2022-06-14","In Transit"
"SHP-60","CAR-03","WH-N","Customer Address","2024-04-01","In Transit"
"SHP-61","CAR-02","WH-A","Customer Address","2023-09-30","Processing"
"SHP-62","CAR-03","WH-A","Customer Address","2022-04-02","Delayed"
"SHP-63","CAR-01","WH-E","Customer Address","2022-06-13","Delayed"
"SHP-64","CAR-03","WH-N","Customer Address","2024-02-12","Delayed"
"SHP-65","CAR-03","WH-N","Customer Address","2023-08-29","In Transit"
"SHP-66","CAR-03","WH-A","Customer Address","2024-05-20","Delivered"
"SHP-67","CAR-04","WH-E","Customer Address","2023-04-25","Processing"
"SHP-68","CAR-03","WH-E","Customer Address","2023-06-13","Delayed"
"SHP-69","CAR-01","WH-A","Customer Address","2025-04-09","Delivered"
"SHP-70","CAR-02","WH-E","Customer Address","2022-07-07","Delayed"
"SHP-71","CAR-03","WH-N","Customer Address","2022-10-29","In Transit"
"SHP-72","CAR-02","WH-A","Customer Address","2022-05-25","Processing"
"SHP-73","CAR-03","WH-A","Customer Address","2023-02-08","In Transit"
"SHP-74","CAR-03","WH-E","Customer Address","2023-03-30","In Transit"
"SHP-75","CAR-03","WH-A","Customer Address","2022-05-26","Delayed"
"SHP-76","CAR-04","WH-E","Customer Address","2024-05-20","In Transit"
"SHP-77","CAR-01","WH-A","Customer Address","2022-01-11","In Transit"
"SHP-78","CAR-01","WH-A","Customer Address","2025-11-17","Delivered"
"SHP-79","CAR-03","WH-A","Customer Address","2023-10-10","Delayed"
"SHP-80","CAR-02","WH-A","Customer Address","2023-12-30","Delivered"
"SHP-81","CAR-04","WH-E","Customer Address","2023-05-20","Delayed"
"SHP-82","CAR-02","WH-A","Customer Address","2022-12-28","Processing"
"SHP-83","CAR-03","WH-A","Customer Address","2022-11-19","In Transit"
"SHP-84","CAR-04","WH-A","Customer Address","2025-01-23","Delivered"
"SHP-85","CAR-04","WH-E","Customer Address","2022-08-17","Delivered"
"SHP-86","CAR-04","WH-N","Customer Address","2025-09-19","Delayed"
"SHP-87","CAR-02","WH-N","Customer Address","2024-12-09","Delivered"
"SHP-88","CAR-01","WH-N","Customer Address","2022-12-29","In Transit"
"SHP-89","CAR-01","WH-A","Customer Address","2022-02-21","Delivered"
"SHP-90","CAR-01","WH-A","Customer Address","2023-03-06","In Transit"
"SHP-91","CAR-01","WH-N","Customer Address","2022-11-16","Processing"
"SHP-92","CAR-03","WH-N","Customer Address","2025-10-28","In Transit"
"SHP-93","CAR-04","WH-N","Customer Address","2024-05-24","In Transit"
"SHP-94","CAR-04","WH-N","Customer Address","2025-09-21","Processing"
"SHP-95","CAR-04","WH-A","Customer Address","2023-12-18","In Transit"
"SHP-96","CAR-04","WH-E","Customer Address","2025-11-14","Delayed"
"SHP-97","CAR-04","WH-E","Customer Address","2024-03-25","Delivered"
"SHP-98","CAR-03","WH-A","Customer Address","2025-10-12","Processing"
"SHP-99","CAR-01","WH-E","Customer Address","2025-08-22","In Transit"
"SHP-100","CAR-04","WH-A","Customer Address","2025-09-25","In Transit"
"SHP-101","CAR-03","WH-E","Customer Address","2024-02-27","Delivered"
"SHP-102","CAR-04","WH-E","Customer Address","2023-06-13","Processing"
"SHP-103","CAR-04","WH-N","Customer Address","2026-01-24","Processing"
"SHP-104","CAR-02","WH-N","Customer Address","2023-03-16","In Transit"
"SHP-105","CAR-02","WH-A","Customer Address","2022-08-09","In Transit"
"SHP-106","CAR-02","WH-N","Customer Address","2022-06-22","Processing"
"SHP-107","CAR-04","WH-N","Customer Address","2024-06-01","Delayed"
"SHP-108","CAR-02","WH-N","Customer Address","2024-09-09","In Transit"
"SHP-109","CAR-01","WH-E","Customer Address","2022-05-27","Processing"
"SHP-110","CAR-01","WH-E","Customer Address","2023-09-20","Delivered"
"SHP-111","CAR-03","WH-E","Customer Address","2023-09-22","Delivered"
"SHP-112","CAR-02","WH-N","Customer Address","2024-06-14","Processing"
"SHP-113","CAR-04","WH-E","Customer Address","2023-06-01","Delivered"
"SHP-114","CAR-03","WH-A","Customer Address","2024-03-09","Delayed"
"SHP-115","CAR-01","WH-N","Customer Address","2022-07-17","Processing"
"SHP-116","CAR-02","WH-N","Customer Address","2024-09-08","In Transit"
"SHP-117","CAR-02","WH-A","Customer Address","2024-09-22","Processing"
"SHP-118","CAR-02","WH-N","Customer Address","2025-05-27","Processing"
"SHP-119","CAR-01","WH-E","Customer Address","2024-08-21","Processing"
"SHP-120","CAR-02","WH-E","Customer Address","2024-09-09","Delayed"
"SHP-121","CAR-01","WH-N","Customer Address","2022-12-05","Delayed"
"SHP-122","CAR-04","WH-N","Customer Address","2022-09-18","In Transit"
"SHP-123","CAR-02","WH-N","Customer Address","2025-07-12","Delayed"
"SHP-124","CAR-03","WH-A","Customer Address","2024-08-22","Processing"
"SHP-125","CAR-02","WH-A","Customer Address","2026-02-25","Processing"
"SHP-126","CAR-04","WH-E","Customer Address","2025-09-30","Delivered"
"SHP-127","CAR-03","WH-E","Customer Address","2023-11-10","In Transit"
"SHP-128","CAR-04","WH-E","Customer Address","2025-05-26","In Transit"
"SHP-129","CAR-01","WH-E","Customer Address","2026-04-23","In Transit"
"SHP-130","CAR-04","WH-A","Customer Address","2024-01-29","Processing"
"SHP-131","CAR-02","WH-A","Customer Address","2022-10-17","Delayed"
"SHP-132","CAR-02","WH-A","Customer Address","2023-04-08","In Transit"
"SHP-133","CAR-04","WH-N","Customer Address","2026-05-06","In Transit"
"SHP-134","CAR-03","WH-E","Customer Address","2026-01-02","Delayed"
"SHP-135","CAR-02","WH-A","Customer Address","2024-02-17","Delivered"
"SHP-136","CAR-03","WH-E","Customer Address","2024-08-06","Processing"
"SHP-137","CAR-01","WH-N","Customer Address","2025-09-23","In Transit"
"SHP-138","CAR-04","WH-N","Customer Address","2026-03-28","In Transit"
"SHP-139","CAR-04","WH-A","Customer Address","2022-08-29","Delivered"
"SHP-140","CAR-03","WH-E","Customer Address","2022-11-09","Processing"
"SHP-141","CAR-03","WH-N","Customer Address","2024-02-05","Processing"
"SHP-142","CAR-03","WH-N","Customer Address","2024-08-11","In Transit"
"SHP-143","CAR-01","WH-N","Customer Address","2022-06-09","Delivered"
"SHP-144","CAR-04","WH-A","Customer Address","2025-03-03","Delayed"
"SHP-145","CAR-03","WH-E","Customer Address","2023-10-12","Delivered"
"SHP-146","CAR-04","WH-N","Customer Address","2025-05-19","Delivered"
"SHP-147","CAR-02","WH-N","Customer Address","2026-02-10","Delivered"
"SHP-148","CAR-01","WH-A","Customer Address","2023-12-06","Delayed"
"SHP-149","CAR-01","WH-A","Customer Address","2026-04-16","In Transit"
"SHP-150","CAR-01","WH-A","Customer Address","2022-07-20","Processing"
"SHP-151","CAR-01","WH-A","Customer Address","2026-03-21","Delivered"
"SHP-152","CAR-04","WH-N","Customer Address","2025-11-25","Delivered"
"SHP-153","CAR-03","WH-A","Customer Address","2022-11-26","Processing"
"SHP-154","CAR-03","WH-A","Customer Address","2023-10-12","Delivered"
"SHP-155","CAR-04","WH-E","Customer Address","2024-02-05","Delayed"
"SHP-156","CAR-04","WH-A","Customer Address","2024-09-01","Delayed"
"SHP-157","CAR-01","WH-E","Customer Address","2024-10-26","Processing"
"SHP-158","CAR-02","WH-A","Customer Address","2022-07-09","In Transit"
"SHP-159","CAR-01","WH-A","Customer Address","2024-02-11","Processing"
"SHP-160","CAR-03","WH-A","Customer Address","2025-12-09","Delayed"
"SHP-161","CAR-04","WH-E","Customer Address","2023-06-25","Processing"
"SHP-162","CAR-04","WH-A","Customer Address","2025-02-21","Delayed"
"SHP-163","CAR-01","WH-N","Customer Address","2024-10-10","Delivered"
"SHP-164","CAR-02","WH-A","Customer Address","2026-02-15","Delivered"
"SHP-165","CAR-04","WH-N","Customer Address","2022-02-13","Delivered"
"SHP-166","CAR-02","WH-E","Customer Address","2024-07-13","Delivered"
"SHP-167","CAR-03","WH-A","Customer Address","2022-02-08","In Transit"
"SHP-168","CAR-01","WH-E","Customer Address","2024-11-17","Delivered"
"SHP-169","CAR-03","WH-E","Customer Address","2022-03-13","In Transit"
"SHP-170","CAR-03","WH-E","Customer Address","2025-10-01","Delayed"
"SHP-171","CAR-02","WH-A","Customer Address","2023-03-18","Delayed"
"SHP-172","CAR-02","WH-N","Customer Address","2022-08-06","Processing"
"SHP-173","CAR-03","WH-A","Customer Address","2025-12-02","Processing"
"SHP-174","CAR-01","WH-E","Customer Address","2025-09-16","Processing"
"SHP-175","CAR-02","WH-A","Customer Address","2023-12-03","Delayed"
"SHP-176","CAR-03","WH-E","Customer Address","2023-10-22","In Transit"
"SHP-177","CAR-02","WH-N","Customer Address","2024-05-09","Processing"
"SHP-178","CAR-04","WH-A","Customer Address","2023-03-02","Delayed"
"SHP-179","CAR-03","WH-E","Customer Address","2025-07-09","Processing"
"SHP-180","CAR-03","WH-E","Customer Address","2023-08-27","Processing"
"SHP-181","CAR-02","WH-N","Customer Address","2022-06-15","In Transit"
"SHP-182","CAR-02","WH-E","Customer Address","2025-02-15","Delivered"
"SHP-183","CAR-04","WH-E","Customer Address","2023-04-30","Delayed"
"SHP-184","CAR-02","WH-N","Customer Address","2022-12-10","In Transit"
"SHP-185","CAR-04","WH-A","Customer Address","2026-02-28","Delivered"
"SHP-186","CAR-02","WH-E","Customer Address","2022-09-25","Delivered"
"SHP-187","CAR-02","WH-N","Customer Address","2024-03-22","Delivered"
"SHP-188","CAR-01","WH-A","Customer Address","2023-04-23","In Transit"
"SHP-189","CAR-01","WH-E","Customer Address","2022-07-12","Delivered"
"SHP-190","CAR-02","WH-N","Customer Address","2022-09-01","Processing"
"SHP-191","CAR-04","WH-N","Customer Address","2023-06-09","Delivered"
"SHP-192","CAR-04","WH-A","Customer Address","2023-08-11","In Transit"
"SHP-193","CAR-01","WH-A","Customer Address","2022-05-15","In Transit"
"SHP-194","CAR-01","WH-E","Customer Address","2024-09-18","Delivered"
"SHP-195","CAR-02","WH-A","Customer Address","2024-11-25","Processing"
"SHP-196","CAR-04","WH-E","Customer Address","2023-01-06","Delayed"
"SHP-197","CAR-04","WH-N","Customer Address","2024-04-13","Processing"
"SHP-198","CAR-03","WH-E","Customer Address","2025-03-11","Processing"
"SHP-199","CAR-03","WH-N","Customer Address","2022-09-18","In Transit"
"SHP-200","CAR-01","WH-A","Customer Address","2025-05-10","In Transit"
"SHP-201","CAR-01","WH-E","Customer Address","2024-01-14","Delivered"
"SHP-202","CAR-04","WH-E","Customer Address","2022-04-29","In Transit"
"SHP-203","CAR-04","WH-A","Customer Address","2023-07-16","Processing"
"SHP-204","CAR-01","WH-E","Customer Address","2025-12-11","Delivered"
"SHP-205","CAR-04","WH-N","Customer Address","2022-12-29","Delayed"
"SHP-206","CAR-01","WH-E","Customer Address","2023-04-27","In Transit"
"SHP-207","CAR-01","WH-N","Customer Address","2024-05-28","In Transit"
"SHP-208","CAR-02","WH-N","Customer Address","2025-03-07","Processing"
"SHP-209","CAR-03","WH-A","Customer Address","2025-06-14","Processing"
"SHP-210","CAR-03","WH-N","Customer Address","2024-02-21","Delayed"
"SHP-211","CAR-01","WH-A","Customer Address","2023-09-25","Processing"
"SHP-212","CAR-01","WH-N","Customer Address","2024-03-26","Delayed"
"SHP-213","CAR-02","WH-A","Customer Address","2023-07-14","In Transit"
"SHP-214","CAR-04","WH-E","Customer Address","2022-05-27","Processing"
"SHP-215","CAR-04","WH-N","Customer Address","2025-04-11","Delayed"
"SHP-216","CAR-01","WH-N","Customer Address","2026-05-13","Delivered"
"SHP-217","CAR-03","WH-N","Customer Address","2024-11-14","Delivered"
"SHP-218","CAR-03","WH-E","Customer Address","2023-06-10","Delayed"
"SHP-219","CAR-04","WH-E","Customer Address","2022-08-07","Delayed"
"SHP-220","CAR-03","WH-E","Customer Address","2022-07-04","Delayed"
"SHP-221","CAR-02","WH-N","Customer Address","2022-05-14","Delayed"
"SHP-222","CAR-01","WH-A","Customer Address","2025-12-20","Processing"
"SHP-223","CAR-02","WH-E","Customer Address","2023-10-12","Processing"
"SHP-224","CAR-03","WH-E","Customer Address","2022-02-28","Delivered"
"SHP-225","CAR-02","WH-E","Customer Address","2025-10-18","Delayed"
"SHP-226","CAR-01","WH-E","Customer Address","2022-05-18","In Transit"
"SHP-227","CAR-02","WH-E","Customer Address","2024-10-14","Processing"
"SHP-228","CAR-03","WH-E","Customer Address","2024-05-23","Delivered"
"SHP-229","CAR-03","WH-A","Customer Address","2022-02-25","Delayed"
"SHP-230","CAR-04","WH-A","Customer Address","2022-07-08","In Transit"
"SHP-231","CAR-01","WH-E","Customer Address","2022-04-15","Delivered"
"SHP-232","CAR-04","WH-N","Customer Address","2023-04-25","Delivered"
"SHP-233","CAR-03","WH-A","Customer Address","2022-09-02","Delayed"
"SHP-234","CAR-03","WH-E","Customer Address","2022-08-17","In Transit"
"SHP-235","CAR-02","WH-N","Customer Address","2026-01-06","In Transit"
"SHP-236","CAR-01","WH-N","Customer Address","2023-10-22","Delivered"
"SHP-237","CAR-04","WH-E","Customer Address","2022-05-15","Delivered"
"SHP-238","CAR-01","WH-A","Customer Address","2022-09-04","Delayed"
"SHP-239","CAR-01","WH-N","Customer Address","2025-12-27","In Transit"
"SHP-240","CAR-04","WH-E","Customer Address","2024-12-08","Delayed"
"SHP-241","CAR-01","WH-A","Customer Address","2025-08-21","Processing"
"SHP-242","CAR-03","WH-A","Customer Address","2025-12-31","Delivered"
"SHP-243","CAR-04","WH-E","Customer Address","2026-03-13","Delivered"
"SHP-244","CAR-03","WH-E","Customer Address","2022-02-23","In Transit"
"SHP-245","CAR-02","WH-N","Customer Address","2025-11-03","Delivered"
"SHP-246","CAR-02","WH-N","Customer Address","2025-09-20","Delayed"
"SHP-247","CAR-01","WH-E","Customer Address","2025-01-23","Delayed"
"SHP-248","CAR-04","WH-E","Customer Address","2025-09-08","Delayed"
"SHP-249","CAR-01","WH-A","Customer Address","2024-04-21","Processing"
"SHP-250","CAR-03","WH-E","Customer Address","2023-06-12","Delivered"
"SHP-251","CAR-04","WH-E","Customer Address","2022-02-16","Delivered"
"SHP-252","CAR-02","WH-N","Customer Address","2025-02-15","In Transit"
"SHP-253","CAR-04","WH-A","Customer Address","2026-01-19","Delayed"
"SHP-254","CAR-04","WH-E","Customer Address","2022-11-13","Processing"
"SHP-255","CAR-02","WH-N","Customer Address","2025-01-21","Delayed"
"SHP-256","CAR-02","WH-E","Customer Address","2023-01-11","Processing"
"SHP-257","CAR-03","WH-N","Customer Address","2024-10-21","Processing"
"SHP-258","CAR-04","WH-A","Customer Address","2025-11-28","Processing"
"SHP-259","CAR-01","WH-N","Customer Address","2023-05-12","Delayed"
"SHP-260","CAR-03","WH-A","Customer Address","2022-05-28","In Transit"
"SHP-261","CAR-01","WH-A","Customer Address","2023-03-04","Processing"
"SHP-262","CAR-04","WH-N","Customer Address","2022-10-26","Delivered"
"SHP-263","CAR-01","WH-N","Customer Address","2025-08-02","Delivered"
"SHP-264","CAR-04","WH-A","Customer Address","2022-06-20","Delayed"
"SHP-265","CAR-01","WH-N","Customer Address","2023-01-25","Delivered"
"SHP-266","CAR-03","WH-N","Customer Address","2025-09-24","Delivered"
"SHP-267","CAR-04","WH-E","Customer Address","2023-04-10","Delivered"
"SHP-268","CAR-01","WH-A","Customer Address","2022-08-12","Delivered"
"SHP-269","CAR-03","WH-E","Customer Address","2023-07-27","Delayed"
"SHP-270","CAR-03","WH-A","Customer Address","2025-10-10","Delivered"
"SHP-271","CAR-03","WH-N","Customer Address","2022-11-02","Delivered"
"SHP-272","CAR-04","WH-N","Customer Address","2026-02-25","In Transit"
"SHP-273","CAR-01","WH-E","Customer Address","2023-01-18","Processing"
"SHP-274","CAR-04","WH-E","Customer Address","2022-08-31","Delivered"
"SHP-275","CAR-02","WH-E","Customer Address","2026-05-25","Delivered"
"SHP-276","CAR-03","WH-N","Customer Address","2024-01-04","Delivered"
"SHP-277","CAR-03","WH-E","Customer Address","2025-05-04","Delivered"
"SHP-278","CAR-01","WH-N","Customer Address","2023-06-11","In Transit"
"SHP-279","CAR-01","WH-E","Customer Address","2023-02-13","Delivered"
"SHP-280","CAR-01","WH-A","Customer Address","2026-01-21","Processing"
"SHP-281","CAR-01","WH-E","Customer Address","2022-04-11","In Transit"
"SHP-282","CAR-01","WH-N","Customer Address","2025-03-03","In Transit"
"SHP-283","CAR-02","WH-A","Customer Address","2024-10-22","In Transit"
"SHP-284","CAR-04","WH-N","Customer Address","2024-05-09","Delivered"
"SHP-285","CAR-02","WH-A","Customer Address","2022-01-11","In Transit"
"SHP-286","CAR-04","WH-E","Customer Address","2025-12-03","Delayed"
"SHP-287","CAR-03","WH-N","Customer Address","2022-07-13","Delivered"
"SHP-288","CAR-04","WH-N","Customer Address","2025-07-14","Delayed"
"SHP-289","CAR-03","WH-N","Customer Address","2024-01-21","Delayed"
"SHP-290","CAR-03","WH-A","Customer Address","2024-04-12","In Transit"
"SHP-291","CAR-03","WH-N","Customer Address","2023-03-13","In Transit"
"SHP-292","CAR-02","WH-N","Customer Address","2024-04-24","Processing"
"SHP-293","CAR-03","WH-A","Customer Address","2023-06-06","In Transit"
"SHP-294","CAR-04","WH-N","Customer Address","2025-05-22","Delivered"
"SHP-295","CAR-01","WH-A","Customer Address","2023-02-12","Delayed"
"SHP-296","CAR-01","WH-A","Customer Address","2025-01-04","Processing"
"SHP-297","CAR-04","WH-A","Customer Address","2022-08-11","Delayed"
"SHP-298","CAR-04","WH-E","Customer Address","2022-05-17","In Transit"
"SHP-299","CAR-02","WH-E","Customer Address","2023-09-11","Processing"
"SHP-300","CAR-02","WH-A","Customer Address","2023-08-21","Processing"
"SHP-301","CAR-04","WH-N","Customer Address","2023-04-17","Delayed"
"SHP-302","CAR-03","WH-E","Customer Address","2022-03-22","In Transit"
"SHP-303","CAR-04","WH-E","Customer Address","2024-06-01","Delivered"
"SHP-304","CAR-03","WH-N","Customer Address","2025-05-25","Delayed"
"SHP-305","CAR-01","WH-E","Customer Address","2022-06-21","Processing"
"SHP-306","CAR-01","WH-E","Customer Address","2022-07-24","Delayed"
"SHP-307","CAR-03","WH-A","Customer Address","2024-01-07","Processing"
"SHP-308","CAR-02","WH-N","Customer Address","2023-02-18","In Transit"
"SHP-309","CAR-04","WH-E","Customer Address","2026-04-17","Processing"
"SHP-310","CAR-01","WH-A","Customer Address","2025-11-05","Delivered"
"SHP-311","CAR-02","WH-E","Customer Address","2025-03-13","Delivered"
"SHP-312","CAR-03","WH-A","Customer Address","2022-09-09","In Transit"
"SHP-313","CAR-04","WH-A","Customer Address","2023-01-22","In Transit"
"SHP-314","CAR-02","WH-N","Customer Address","2025-08-24","Delayed"
"SHP-315","CAR-03","WH-E","Customer Address","2022-12-03","Delayed"
"SHP-316","CAR-01","WH-A","Customer Address","2023-06-03","Delivered"
"SHP-317","CAR-04","WH-N","Customer Address","2022-06-21","Delivered"
"SHP-318","CAR-01","WH-N","Customer Address","2025-08-05","Delivered"
"SHP-319","CAR-01","WH-N","Customer Address","2022-01-26","Processing"
"SHP-320","CAR-04","WH-N","Customer Address","2024-11-09","In Transit"
"SHP-321","CAR-03","WH-E","Customer Address","2023-03-12","Delayed"
"SHP-322","CAR-03","WH-E","Customer Address","2026-05-12","Delayed"
"SHP-323","CAR-04","WH-E","Customer Address","2024-07-02","Delayed"
"SHP-324","CAR-01","WH-E","Customer Address","2026-03-29","Processing"
"SHP-325","CAR-01","WH-E","Customer Address","2023-05-05","Delayed"
"SHP-326","CAR-01","WH-A","Customer Address","2025-06-10","Processing"
"SHP-327","CAR-02","WH-A","Customer Address","2024-07-05","Delayed"
"SHP-328","CAR-04","WH-E","Customer Address","2025-04-06","Processing"
"SHP-329","CAR-02","WH-A","Customer Address","2024-11-06","Processing"
"SHP-330","CAR-01","WH-E","Customer Address","2025-05-10","Delayed"
"SHP-331","CAR-01","WH-N","Customer Address","2025-07-03","Delivered"
"SHP-332","CAR-02","WH-E","Customer Address","2022-10-26","Delivered"
"SHP-333","CAR-02","WH-E","Customer Address","2023-06-18","Delivered"
"SHP-334","CAR-03","WH-E","Customer Address","2023-02-22","Delivered"
"SHP-335","CAR-01","WH-E","Customer Address","2025-09-02","In Transit"
"SHP-336","CAR-01","WH-N","Customer Address","2024-04-11","Processing"
"SHP-337","CAR-02","WH-E","Customer Address","2024-05-28","Processing"
"SHP-338","CAR-02","WH-A","Customer Address","2022-08-25","In Transit"
"SHP-339","CAR-04","WH-N","Customer Address","2024-05-13","Processing"
"SHP-340","CAR-03","WH-A","Customer Address","2022-11-11","In Transit"
"SHP-341","CAR-03","WH-N","Customer Address","2023-03-04","Processing"
"SHP-342","CAR-03","WH-E","Customer Address","2025-07-18","Delayed"
"SHP-343","CAR-01","WH-A","Customer Address","2025-04-23","Delayed"
"SHP-344","CAR-03","WH-A","Customer Address","2026-03-06","Processing"
"SHP-345","CAR-01","WH-A","Customer Address","2023-01-17","Delivered"
"SHP-346","CAR-02","WH-N","Customer Address","2022-07-19","In Transit"
"SHP-347","CAR-03","WH-N","Customer Address","2025-11-14","Processing"
"SHP-348","CAR-02","WH-E","Customer Address","2024-10-20","Processing"
"SHP-349","CAR-02","WH-E","Customer Address","2022-11-12","Delayed"
"SHP-350","CAR-03","WH-N","Customer Address","2025-01-12","Delivered"
"SHP-351","CAR-02","WH-N","Customer Address","2023-12-04","Delayed"
"SHP-352","CAR-01","WH-N","Customer Address","2025-03-13","Delivered"
"SHP-353","CAR-01","WH-A","Customer Address","2022-09-13","In Transit"
"SHP-354","CAR-04","WH-N","Customer Address","2024-10-10","Delayed"
"SHP-355","CAR-03","WH-A","Customer Address","2023-06-06","Delivered"
"SHP-356","CAR-04","WH-N","Customer Address","2026-05-17","Processing"
"SHP-357","CAR-02","WH-N","Customer Address","2023-02-10","Delivered"
"SHP-358","CAR-03","WH-E","Customer Address","2025-11-23","Delivered"
"SHP-359","CAR-04","WH-A","Customer Address","2026-04-16","In Transit"
"SHP-360","CAR-02","WH-E","Customer Address","2022-09-12","Delivered"
"SHP-361","CAR-01","WH-E","Customer Address","2022-06-11","In Transit"
"SHP-362","CAR-02","WH-N","Customer Address","2025-07-04","Delayed"
"SHP-363","CAR-04","WH-A","Customer Address","2025-07-30","Processing"
"SHP-364","CAR-02","WH-N","Customer Address","2026-05-12","Delayed"
"SHP-365","CAR-01","WH-A","Customer Address","2022-03-18","Delayed"
"SHP-366","CAR-01","WH-E","Customer Address","2024-07-29","Delivered"
"SHP-367","CAR-03","WH-E","Customer Address","2022-03-13","In Transit"
"SHP-368","CAR-01","WH-E","Customer Address","2024-07-29","Delivered"
"SHP-369","CAR-03","WH-N","Customer Address","2023-05-05","Processing"
"SHP-370","CAR-02","WH-A","Customer Address","2025-03-28","In Transit"
"SHP-371","CAR-04","WH-A","Customer Address","2025-12-06","Delivered"
"SHP-372","CAR-02","WH-N","Customer Address","2023-10-16","Processing"
"SHP-373","CAR-01","WH-E","Customer Address","2025-05-31","Processing"
"SHP-374","CAR-03","WH-A","Customer Address","2022-01-30","Delivered"
"SHP-375","CAR-01","WH-N","Customer Address","2026-05-19","Processing"
"SHP-376","CAR-01","WH-A","Customer Address","2025-10-16","Processing"
"SHP-377","CAR-03","WH-E","Customer Address","2025-01-13","In Transit"
"SHP-378","CAR-02","WH-E","Customer Address","2025-03-19","Processing"
"SHP-379","CAR-03","WH-E","Customer Address","2025-06-04","Delivered"
"SHP-380","CAR-02","WH-E","Customer Address","2023-08-09","Delivered"
"SHP-381","CAR-02","WH-E","Customer Address","2026-01-27","Processing"
"SHP-382","CAR-03","WH-N","Customer Address","2025-10-31","Delivered"
"SHP-383","CAR-02","WH-E","Customer Address","2023-04-06","In Transit"
"SHP-384","CAR-03","WH-E","Customer Address","2024-10-02","In Transit"
"SHP-385","CAR-03","WH-A","Customer Address","2024-02-20","Processing"
"SHP-386","CAR-04","WH-N","Customer Address","2025-03-11","Processing"
"SHP-387","CAR-02","WH-A","Customer Address","2023-12-23","Delivered"
"SHP-388","CAR-01","WH-A","Customer Address","2023-11-04","Delayed"
"SHP-389","CAR-02","WH-E","Customer Address","2023-09-12","Processing"
"SHP-390","CAR-02","WH-N","Customer Address","2023-02-03","Delayed"
"SHP-391","CAR-02","WH-N","Customer Address","2025-10-30","Delivered"
"SHP-392","CAR-04","WH-E","Customer Address","2022-08-04","In Transit"
"SHP-393","CAR-01","WH-A","Customer Address","2024-11-09","In Transit"
"SHP-394","CAR-03","WH-E","Customer Address","2022-03-28","Delayed"
"SHP-395","CAR-02","WH-A","Customer Address","2023-08-15","Processing"
"SHP-396","CAR-01","WH-N","Customer Address","2024-08-05","Delivered"
"SHP-397","CAR-02","WH-N","Customer Address","2025-10-04","Processing"
"SHP-398","CAR-03","WH-A","Customer Address","2024-02-18","In Transit"
"SHP-399","CAR-04","WH-E","Customer Address","2025-06-09","In Transit"
"SHP-400","CAR-02","WH-A","Customer Address","2023-09-11","In Transit"
"SHP-401","CAR-01","WH-N","Customer Address","2025-04-20","Delivered"
"SHP-402","CAR-02","WH-E","Customer Address","2023-10-17","Delivered"
"SHP-403","CAR-04","WH-E","Customer Address","2023-02-15","Processing"
"SHP-404","CAR-04","WH-E","Customer Address","2026-04-03","Delivered"
"SHP-405","CAR-01","WH-A","Customer Address","2025-06-30","In Transit"
"SHP-406","CAR-03","WH-A","Customer Address","2022-02-18","Processing"
"SHP-407","CAR-01","WH-N","Customer Address","2023-03-17","Delayed"
"SHP-408","CAR-04","WH-N","Customer Address","2024-05-14","Delayed"
"SHP-409","CAR-02","WH-A","Customer Address","2025-04-15","Delayed"
"SHP-410","CAR-01","WH-N","Customer Address","2022-06-21","In Transit"
"SHP-411","CAR-04","WH-N","Customer Address","2025-05-08","Processing"
"SHP-412","CAR-01","WH-N","Customer Address","2022-06-17","Processing"
"SHP-413","CAR-04","WH-A","Customer Address","2022-01-13","Delivered"
"SHP-414","CAR-04","WH-E","Customer Address","2023-06-30","Delayed"
"SHP-415","CAR-03","WH-A","Customer Address","2023-04-22","Processing"
"SHP-416","CAR-04","WH-E","Customer Address","2024-09-24","Delayed"
"SHP-417","CAR-02","WH-A","Customer Address","2024-03-05","Processing"
"SHP-418","CAR-04","WH-N","Customer Address","2023-09-09","Processing"
"SHP-419","CAR-01","WH-N","Customer Address","2025-07-22","Processing"
"SHP-420","CAR-04","WH-N","Customer Address","2024-06-24","Delayed"
"SHP-421","CAR-04","WH-N","Customer Address","2022-03-08","Delayed"
"SHP-422","CAR-03","WH-E","Customer Address","2025-03-10","Processing"
"SHP-423","CAR-03","WH-N","Customer Address","2024-04-06","Delivered"
"SHP-424","CAR-01","WH-E","Customer Address","2024-07-28","Delivered"
"SHP-425","CAR-03","WH-E","Customer Address","2024-01-09","In Transit"
"SHP-426","CAR-04","WH-A","Customer Address","2022-03-29","Delivered"
"SHP-427","CAR-01","WH-E","Customer Address","2024-03-13","Processing"
"SHP-428","CAR-03","WH-E","Customer Address","2025-08-28","Delayed"
"SHP-429","CAR-02","WH-N","Customer Address","2026-03-08","Delayed"
"SHP-430","CAR-01","WH-A","Customer Address","2023-05-25","In Transit"
"SHP-431","CAR-02","WH-A","Customer Address","2025-02-05","Processing"
"SHP-432","CAR-04","WH-N","Customer Address","2024-04-26","In Transit"
"SHP-433","CAR-01","WH-A","Customer Address","2024-04-02","Delayed"
"SHP-434","CAR-02","WH-E","Customer Address","2025-11-26","In Transit"
"SHP-435","CAR-03","WH-N","Customer Address","2023-10-28","In Transit"
"SHP-436","CAR-03","WH-A","Customer Address","2022-10-22","Delayed"
"SHP-437","CAR-01","WH-E","Customer Address","2025-11-17","Processing"
"SHP-438","CAR-02","WH-N","Customer Address","2025-04-18","Delayed"
"SHP-439","CAR-04","WH-E","Customer Address","2024-09-08","Processing"
"SHP-440","CAR-03","WH-A","Customer Address","2022-09-24","Delivered"
"SHP-441","CAR-03","WH-A","Customer Address","2023-02-07","Delivered"
"SHP-442","CAR-04","WH-E","Customer Address","2024-02-09","Processing"
"SHP-443","CAR-03","WH-N","Customer Address","2024-12-13","Processing"
"SHP-444","CAR-01","WH-A","Customer Address","2024-07-02","In Transit"
"SHP-445","CAR-01","WH-E","Customer Address","2023-12-16","Delayed"
"SHP-446","CAR-01","WH-A","Customer Address","2022-11-29","Processing"
"SHP-447","CAR-01","WH-A","Customer Address","2024-12-25","Delayed"
"SHP-448","CAR-01","WH-N","Customer Address","2025-04-16","In Transit"
"SHP-449","CAR-03","WH-E","Customer Address","2023-02-20","Processing"
"SHP-450","CAR-02","WH-E","Customer Address","2026-02-22","Delayed"
"SHP-451","CAR-02","WH-E","Customer Address","2023-06-22","Delivered"
"SHP-452","CAR-01","WH-A","Customer Address","2023-08-22","In Transit"
"SHP-453","CAR-01","WH-E","Customer Address","2025-01-06","In Transit"
"SHP-454","CAR-02","WH-A","Customer Address","2024-05-09","In Transit"
"SHP-455","CAR-01","WH-N","Customer Address","2023-10-19","Delayed"
"SHP-456","CAR-03","WH-A","Customer Address","2023-02-25","Delayed"
"SHP-457","CAR-03","WH-N","Customer Address","2026-02-13","Delivered"
"SHP-458","CAR-04","WH-A","Customer Address","2026-05-09","Delayed"
"SHP-459","CAR-03","WH-E","Customer Address","2024-05-09","Processing"
"SHP-460","CAR-01","WH-E","Customer Address","2022-09-07","Delivered"
"SHP-461","CAR-01","WH-A","Customer Address","2023-06-28","Delivered"
"SHP-462","CAR-01","WH-N","Customer Address","2025-02-18","Delivered"
"SHP-463","CAR-02","WH-E","Customer Address","2025-06-05","In Transit"
"SHP-464","CAR-04","WH-N","Customer Address","2025-06-15","Delivered"
"SHP-465","CAR-01","WH-N","Customer Address","2023-04-21","Delivered"
"SHP-466","CAR-02","WH-N","Customer Address","2024-06-12","In Transit"
"SHP-467","CAR-03","WH-A","Customer Address","2025-06-16","Delayed"
"SHP-468","CAR-04","WH-A","Customer Address","2024-02-27","Processing"
"SHP-469","CAR-03","WH-E","Customer Address","2024-10-09","Delivered"
"SHP-470","CAR-03","WH-A","Customer Address","2024-12-06","Delivered"
"SHP-471","CAR-02","WH-N","Customer Address","2026-05-28","Delayed"
"SHP-472","CAR-04","WH-A","Customer Address","2023-12-10","Processing"
"SHP-473","CAR-02","WH-N","Customer Address","2023-12-14","Delivered"
"SHP-474","CAR-01","WH-A","Customer Address","2023-07-13","In Transit"
"SHP-475","CAR-02","WH-A","Customer Address","2024-02-05","Delivered"
"SHP-476","CAR-04","WH-N","Customer Address","2026-01-23","In Transit"
"SHP-477","CAR-01","WH-N","Customer Address","2025-08-21","Delayed"
"SHP-478","CAR-02","WH-A","Customer Address","2026-05-10","Delayed"
"SHP-479","CAR-04","WH-N","Customer Address","2025-09-16","In Transit"
"SHP-480","CAR-01","WH-E","Customer Address","2022-01-19","In Transit"
"SHP-481","CAR-03","WH-N","Customer Address","2025-11-04","Delayed"
"SHP-482","CAR-01","WH-E","Customer Address","2022-08-18","Processing"
"SHP-483","CAR-04","WH-N","Customer Address","2024-05-31","Delivered"
"SHP-484","CAR-03","WH-A","Customer Address","2023-08-05","Delayed"
"SHP-485","CAR-02","WH-E","Customer Address","2022-03-18","Processing"
"SHP-486","CAR-01","WH-N","Customer Address","2022-01-29","In Transit"
"SHP-487","CAR-02","WH-A","Customer Address","2024-12-05","Delivered"
"SHP-488","CAR-03","WH-N","Customer Address","2025-12-25","In Transit"
"SHP-489","CAR-04","WH-A","Customer Address","2022-07-12","Processing"
"SHP-490","CAR-04","WH-N","Customer Address","2023-01-21","Delayed"
"SHP-491","CAR-04","WH-A","Customer Address","2024-05-18","Delayed"
"SHP-492","CAR-04","WH-E","Customer Address","2022-02-24","Processing"
"SHP-493","CAR-01","WH-A","Customer Address","2025-03-07","Delayed"
"SHP-494","CAR-04","WH-N","Customer Address","2023-10-19","Delivered"
"SHP-495","CAR-03","WH-A","Customer Address","2023-03-04","In Transit"
"SHP-496","CAR-01","WH-E","Customer Address","2024-10-05","Delivered"
"SHP-497","CAR-04","WH-E","Customer Address","2022-12-30","Processing"
"SHP-498","CAR-04","WH-N","Customer Address","2024-01-24","Delivered"
"SHP-499","CAR-03","WH-N","Customer Address","2022-09-20","Delayed"
"SHP-500","CAR-03","WH-E","Customer Address","2022-01-04","Delayed"
"SHP-501","CAR-04","WH-N","Customer Address","2025-06-14","Delivered"
"SHP-502","CAR-03","WH-E","Customer Address","2026-01-16","Delayed"
"SHP-503","CAR-04","WH-N","Customer Address","2022-03-01","Processing"
"SHP-504","CAR-01","WH-A","Customer Address","2024-06-22","Delayed"
"SHP-505","CAR-02","WH-E","Customer Address","2023-04-14","Processing"
"SHP-506","CAR-02","WH-E","Customer Address","2024-06-24","Delivered"
"SHP-507","CAR-03","WH-E","Customer Address","2024-09-14","Delayed"
"SHP-508","CAR-01","WH-N","Customer Address","2023-07-26","Processing"
"SHP-509","CAR-02","WH-N","Customer Address","2024-08-26","Processing"
"SHP-510","CAR-01","WH-A","Customer Address","2024-11-10","In Transit"
"SHP-511","CAR-01","WH-A","Customer Address","2023-07-01","Delivered"
"SHP-512","CAR-02","WH-N","Customer Address","2024-02-09","In Transit"
"SHP-513","CAR-04","WH-E","Customer Address","2022-04-23","Processing"
"SHP-514","CAR-03","WH-E","Customer Address","2024-04-22","Processing"
"SHP-515","CAR-02","WH-E","Customer Address","2022-05-28","In Transit"
"SHP-516","CAR-02","WH-N","Customer Address","2023-08-26","Delayed"
"SHP-517","CAR-01","WH-A","Customer Address","2024-11-22","Delayed"
"SHP-518","CAR-01","WH-A","Customer Address","2022-11-24","Delayed"
"SHP-519","CAR-02","WH-N","Customer Address","2026-04-19","Delayed"
"SHP-520","CAR-04","WH-A","Customer Address","2024-02-28","In Transit"
"SHP-521","CAR-04","WH-N","Customer Address","2025-07-18","Delivered"
"SHP-522","CAR-01","WH-A","Customer Address","2026-03-25","Delivered"
"SHP-523","CAR-01","WH-A","Customer Address","2023-02-16","Delayed"
"SHP-524","CAR-04","WH-N","Customer Address","2023-09-24","Delivered"
"SHP-525","CAR-03","WH-N","Customer Address","2023-04-23","Delivered"
"SHP-526","CAR-04","WH-E","Customer Address","2023-08-23","Delivered"
"SHP-527","CAR-04","WH-A","Customer Address","2024-06-04","Processing"
"SHP-528","CAR-01","WH-N","Customer Address","2022-12-01","In Transit"
"SHP-529","CAR-03","WH-N","Customer Address","2022-12-23","In Transit"
"SHP-530","CAR-04","WH-A","Customer Address","2025-11-01","Delayed"
"SHP-531","CAR-04","WH-A","Customer Address","2024-01-23","Delayed"
"SHP-532","CAR-03","WH-A","Customer Address","2025-07-21","Delivered"
"SHP-533","CAR-01","WH-E","Customer Address","2024-11-29","Processing"
"SHP-534","CAR-04","WH-A","Customer Address","2023-12-20","Delivered"
"SHP-535","CAR-04","WH-A","Customer Address","2025-10-09","Processing"
"SHP-536","CAR-03","WH-E","Customer Address","2025-01-14","Delivered"
"SHP-537","CAR-01","WH-E","Customer Address","2023-12-07","Delivered"
"SHP-538","CAR-04","WH-A","Customer Address","2023-03-26","Processing"
"SHP-539","CAR-01","WH-N","Customer Address","2022-11-19","Delayed"
"SHP-540","CAR-01","WH-N","Customer Address","2025-07-30","Processing"
"SHP-541","CAR-01","WH-N","Customer Address","2022-10-07","Processing"
"SHP-542","CAR-01","WH-N","Customer Address","2022-05-14","Delayed"
"SHP-543","CAR-02","WH-A","Customer Address","2025-06-23","Delivered"
"SHP-544","CAR-04","WH-E","Customer Address","2025-11-01","Delivered"
"SHP-545","CAR-04","WH-A","Customer Address","2025-05-29","Processing"
"SHP-546","CAR-03","WH-A","Customer Address","2025-12-02","Processing"
"SHP-547","CAR-02","WH-E","Customer Address","2025-12-17","Processing"
"SHP-548","CAR-03","WH-E","Customer Address","2024-06-21","Processing"
"SHP-549","CAR-01","WH-E","Customer Address","2024-07-20","In Transit"
"SHP-550","CAR-03","WH-E","Customer Address","2024-02-29","Delivered"
"SHP-551","CAR-03","WH-A","Customer Address","2026-02-19","Processing"
"SHP-552","CAR-01","WH-N","Customer Address","2024-12-30","Delayed"
"SHP-553","CAR-02","WH-E","Customer Address","2025-07-27","In Transit"
"SHP-554","CAR-02","WH-A","Customer Address","2023-09-21","Delivered"
"SHP-555","CAR-02","WH-N","Customer Address","2023-08-04","In Transit"
"SHP-556","CAR-04","WH-E","Customer Address","2022-08-25","In Transit"
"SHP-557","CAR-03","WH-N","Customer Address","2026-02-08","In Transit"
"SHP-558","CAR-04","WH-N","Customer Address","2025-11-26","Processing"
"SHP-559","CAR-01","WH-A","Customer Address","2024-02-04","Delayed"
"SHP-560","CAR-01","WH-A","Customer Address","2025-11-18","Delivered"
"SHP-561","CAR-03","WH-N","Customer Address","2025-04-20","In Transit"
"SHP-562","CAR-03","WH-A","Customer Address","2022-03-18","Delivered"
"SHP-563","CAR-02","WH-N","Customer Address","2025-07-10","Processing"
"SHP-564","CAR-03","WH-N","Customer Address","2026-01-24","In Transit"
"SHP-565","CAR-04","WH-E","Customer Address","2022-06-16","Delayed"
"SHP-566","CAR-04","WH-N","Customer Address","2024-09-06","Delivered"
"SHP-567","CAR-01","WH-E","Customer Address","2023-06-21","Processing"
"SHP-568","CAR-03","WH-N","Customer Address","2023-09-22","Delivered"
"SHP-569","CAR-03","WH-N","Customer Address","2022-02-14","Processing"
"SHP-570","CAR-03","WH-A","Customer Address","2023-12-16","Delivered"
"SHP-571","CAR-02","WH-A","Customer Address","2023-04-13","Delivered"
"SHP-572","CAR-02","WH-A","Customer Address","2022-06-19","Delivered"
"SHP-573","CAR-04","WH-A","Customer Address","2023-08-11","In Transit"
"SHP-574","CAR-01","WH-N","Customer Address","2025-07-11","In Transit"
"SHP-575","CAR-03","WH-A","Customer Address","2024-08-19","Delayed"
"SHP-576","CAR-03","WH-N","Customer Address","2026-02-17","Delivered"
"SHP-577","CAR-01","WH-N","Customer Address","2025-03-25","Delivered"
"SHP-578","CAR-01","WH-N","Customer Address","2025-07-11","Delivered"
"SHP-579","CAR-03","WH-A","Customer Address","2024-07-27","Processing"
"SHP-580","CAR-04","WH-A","Customer Address","2022-09-18","Delivered"
"SHP-581","CAR-03","WH-A","Customer Address","2022-08-09","Processing"
"SHP-582","CAR-02","WH-E","Customer Address","2025-09-12","Delivered"
"SHP-583","CAR-04","WH-N","Customer Address","2022-07-04","Processing"
"SHP-584","CAR-03","WH-A","Customer Address","2023-08-07","Processing"
"SHP-585","CAR-03","WH-N","Customer Address","2022-04-28","Processing"
"SHP-586","CAR-04","WH-E","Customer Address","2023-12-18","In Transit"
"SHP-587","CAR-02","WH-N","Customer Address","2023-03-02","In Transit"
"SHP-588","CAR-02","WH-E","Customer Address","2024-07-08","In Transit"
"SHP-589","CAR-04","WH-A","Customer Address","2026-01-05","Delayed"
"SHP-590","CAR-03","WH-E","Customer Address","2024-05-02","Processing"
"SHP-591","CAR-04","WH-A","Customer Address","2025-08-17","Processing"
"SHP-592","CAR-02","WH-A","Customer Address","2022-03-06","In Transit"
"SHP-593","CAR-03","WH-E","Customer Address","2024-07-09","Processing"
"SHP-594","CAR-01","WH-E","Customer Address","2022-05-06","Delivered"
"SHP-595","CAR-02","WH-A","Customer Address","2024-01-19","Delivered"
"SHP-596","CAR-02","WH-N","Customer Address","2023-10-14","Processing"
"SHP-597","CAR-01","WH-A","Customer Address","2025-02-05","Delivered"
"SHP-598","CAR-01","WH-E","Customer Address","2025-02-28","Processing"
"SHP-599","CAR-04","WH-A","Customer Address","2023-01-27","Delivered"
"SHP-600","CAR-01","WH-A","Customer Address","2022-12-30","Processing"
"SHP-601","CAR-02","WH-E","Customer Address","2025-08-12","Delivered"
"SHP-602","CAR-02","WH-A","Customer Address","2023-11-23","Processing"
"SHP-603","CAR-02","WH-N","Customer Address","2023-02-18","Delayed"
"SHP-604","CAR-03","WH-N","Customer Address","2026-03-23","Processing"
"SHP-605","CAR-02","WH-E","Customer Address","2022-07-19","Delivered"
"SHP-606","CAR-02","WH-A","Customer Address","2024-06-06","Delayed"
"SHP-607","CAR-03","WH-E","Customer Address","2025-08-11","Delivered"
"SHP-608","CAR-03","WH-E","Customer Address","2024-12-25","Delayed"
"SHP-609","CAR-04","WH-E","Customer Address","2023-08-27","Delayed"
"SHP-610","CAR-04","WH-E","Customer Address","2025-01-11","Delivered"
"SHP-611","CAR-02","WH-A","Customer Address","2022-05-18","Delayed"
"SHP-612","CAR-01","WH-N","Customer Address","2024-07-01","In Transit"
"SHP-613","CAR-03","WH-N","Customer Address","2023-01-21","Delayed"
"SHP-614","CAR-02","WH-N","Customer Address","2025-12-17","Processing"
"SHP-615","CAR-04","WH-N","Customer Address","2022-02-03","In Transit"
"SHP-616","CAR-04","WH-E","Customer Address","2025-06-01","Delivered"
"SHP-617","CAR-03","WH-N","Customer Address","2024-02-02","In Transit"
"SHP-618","CAR-03","WH-E","Customer Address","2022-11-30","Delivered"
"SHP-619","CAR-03","WH-N","Customer Address","2026-03-21","Delayed"
"SHP-620","CAR-03","WH-A","Customer Address","2023-04-07","Delivered"
"SHP-621","CAR-02","WH-N","Customer Address","2022-09-20","Delayed"
"SHP-622","CAR-01","WH-E","Customer Address","2022-04-15","Processing"
"SHP-623","CAR-04","WH-A","Customer Address","2024-08-07","Processing"
"SHP-624","CAR-04","WH-E","Customer Address","2026-03-18","Delayed"
"SHP-625","CAR-04","WH-N","Customer Address","2026-03-15","Processing"
"SHP-626","CAR-04","WH-E","Customer Address","2022-03-08","Delayed"
"SHP-627","CAR-01","WH-E","Customer Address","2025-01-13","Delayed"
"SHP-628","CAR-02","WH-N","Customer Address","2023-12-16","Delayed"
"SHP-629","CAR-01","WH-A","Customer Address","2026-01-20","Delayed"
"SHP-630","CAR-01","WH-E","Customer Address","2022-12-13","Delayed"
"SHP-631","CAR-01","WH-A","Customer Address","2024-09-28","In Transit"
"SHP-632","CAR-04","WH-N","Customer Address","2023-03-31","Delivered"
"SHP-633","CAR-04","WH-A","Customer Address","2023-05-07","Delayed"
"SHP-634","CAR-04","WH-N","Customer Address","2026-03-08","Processing"
"SHP-635","CAR-04","WH-A","Customer Address","2025-07-27","In Transit"
"SHP-636","CAR-03","WH-E","Customer Address","2023-03-26","In Transit"
"SHP-637","CAR-03","WH-E","Customer Address","2026-01-24","Delivered"
"SHP-638","CAR-01","WH-A","Customer Address","2022-03-02","Delayed"
"SHP-639","CAR-03","WH-N","Customer Address","2022-06-03","Delayed"
"SHP-640","CAR-04","WH-A","Customer Address","2025-12-16","In Transit"
"SHP-641","CAR-01","WH-E","Customer Address","2023-04-14","Delayed"
"SHP-642","CAR-03","WH-N","Customer Address","2023-08-27","Delayed"
"SHP-643","CAR-04","WH-E","Customer Address","2026-05-19","In Transit"
"SHP-644","CAR-03","WH-N","Customer Address","2022-10-05","Delivered"
"SHP-645","CAR-03","WH-N","Customer Address","2024-09-27","Delayed"
"SHP-646","CAR-01","WH-N","Customer Address","2022-09-13","Delayed"
"SHP-647","CAR-02","WH-N","Customer Address","2025-09-12","Processing"
"SHP-648","CAR-04","WH-N","Customer Address","2024-02-23","In Transit"
"SHP-649","CAR-02","WH-N","Customer Address","2023-07-31","Delayed"
"SHP-650","CAR-01","WH-A","Customer Address","2025-07-17","Delayed"
"SHP-651","CAR-04","WH-A","Customer Address","2022-08-19","In Transit"
"SHP-652","CAR-02","WH-A","Customer Address","2026-04-09","Delivered"
"SHP-653","CAR-04","WH-E","Customer Address","2025-06-04","In Transit"
"SHP-654","CAR-03","WH-N","Customer Address","2025-08-06","Delayed"
"SHP-655","CAR-04","WH-A","Customer Address","2026-02-20","Delayed"
"SHP-656","CAR-02","WH-E","Customer Address","2023-04-29","Processing"
"SHP-657","CAR-03","WH-E","Customer Address","2024-10-18","Processing"
"SHP-658","CAR-04","WH-A","Customer Address","2023-12-02","In Transit"
"SHP-659","CAR-02","WH-E","Customer Address","2023-04-22","Processing"
"SHP-660","CAR-02","WH-A","Customer Address","2026-04-08","In Transit"
"SHP-661","CAR-02","WH-E","Customer Address","2024-05-04","Delayed"
"SHP-662","CAR-02","WH-N","Customer Address","2024-11-02","Delayed"
"SHP-663","CAR-02","WH-A","Customer Address","2025-08-30","Delivered"
"SHP-664","CAR-03","WH-A","Customer Address","2025-11-22","Delayed"
"SHP-665","CAR-04","WH-N","Customer Address","2024-07-30","Delayed"
"SHP-666","CAR-02","WH-A","Customer Address","2024-03-27","Processing"
"SHP-667","CAR-02","WH-E","Customer Address","2024-06-06","Processing"
"SHP-668","CAR-03","WH-E","Customer Address","2026-03-01","In Transit"
"SHP-669","CAR-02","WH-A","Customer Address","2025-02-12","Processing"
"SHP-670","CAR-04","WH-N","Customer Address","2025-08-23","Processing"
"SHP-671","CAR-04","WH-E","Customer Address","2024-12-15","In Transit"
"SHP-672","CAR-04","WH-E","Customer Address","2023-11-02","Processing"
"SHP-673","CAR-01","WH-A","Customer Address","2024-11-20","Delayed"
"SHP-674","CAR-04","WH-N","Customer Address","2022-09-15","Delivered"
"SHP-675","CAR-03","WH-N","Customer Address","2025-06-05","Delivered"
"SHP-676","CAR-01","WH-A","Customer Address","2024-04-10","In Transit"
"SHP-677","CAR-03","WH-E","Customer Address","2024-02-24","Processing"
"SHP-678","CAR-02","WH-N","Customer Address","2025-07-27","Processing"
"SHP-679","CAR-04","WH-A","Customer Address","2024-05-02","In Transit"
"SHP-680","CAR-02","WH-A","Customer Address","2025-07-02","Processing"
"SHP-681","CAR-03","WH-A","Customer Address","2025-11-25","Delivered"
"SHP-682","CAR-02","WH-N","Customer Address","2022-05-22","Processing"
"SHP-683","CAR-02","WH-N","Customer Address","2023-11-21","Processing"
"SHP-684","CAR-03","WH-N","Customer Address","2022-02-21","Processing"
"SHP-685","CAR-03","WH-E","Customer Address","2025-01-03","In Transit"
"SHP-686","CAR-02","WH-N","Customer Address","2023-12-07","Delayed"
"SHP-687","CAR-04","WH-E","Customer Address","2025-10-10","Delivered"
"SHP-688","CAR-03","WH-E","Customer Address","2026-01-03","In Transit"
"SHP-689","CAR-04","WH-A","Customer Address","2023-08-25","In Transit"
"SHP-690","CAR-04","WH-N","Customer Address","2022-09-06","Delayed"
"SHP-691","CAR-04","WH-E","Customer Address","2026-05-18","In Transit"
"SHP-692","CAR-01","WH-E","Customer Address","2024-04-07","Delivered"
"SHP-693","CAR-02","WH-N","Customer Address","2022-08-08","Delayed"
"SHP-694","CAR-01","WH-A","Customer Address","2025-04-20","Delayed"
"SHP-695","CAR-04","WH-N","Customer Address","2026-01-30","In Transit"
"SHP-696","CAR-04","WH-N","Customer Address","2022-11-12","Delayed"
"SHP-697","CAR-01","WH-A","Customer Address","2023-03-09","Delayed"
"SHP-698","CAR-01","WH-N","Customer Address","2024-12-01","Delayed"
"SHP-699","CAR-04","WH-E","Customer Address","2023-02-28","Delivered"
"SHP-700","CAR-04","WH-E","Customer Address","2022-07-26","Delivered"
"SHP-701","CAR-01","WH-E","Customer Address","2022-12-15","Delayed"
"SHP-702","CAR-03","WH-E","Customer Address","2024-10-04","Delivered"
"SHP-703","CAR-02","WH-N","Customer Address","2023-03-05","In Transit"
"SHP-704","CAR-04","WH-N","Customer Address","2023-12-07","In Transit"
"SHP-705","CAR-01","WH-E","Customer Address","2026-02-28","In Transit"
"SHP-706","CAR-02","WH-N","Customer Address","2024-10-14","In Transit"
"SHP-707","CAR-02","WH-A","Customer Address","2025-04-02","Processing"
"SHP-708","CAR-03","WH-E","Customer Address","2022-07-07","Delayed"
"SHP-709","CAR-04","WH-A","Customer Address","2025-11-21","In Transit"
"SHP-710","CAR-04","WH-N","Customer Address","2023-01-19","Processing"
"SHP-711","CAR-01","WH-E","Customer Address","2023-08-17","Processing"
"SHP-712","CAR-03","WH-N","Customer Address","2022-07-02","Processing"
"SHP-713","CAR-03","WH-E","Customer Address","2024-07-06","Processing"
"SHP-714","CAR-01","WH-A","Customer Address","2024-04-08","In Transit"
"SHP-715","CAR-02","WH-N","Customer Address","2026-05-22","Delayed"
"SHP-716","CAR-02","WH-N","Customer Address","2023-02-25","Delayed"
"SHP-717","CAR-04","WH-N","Customer Address","2025-01-12","Delivered"
"SHP-718","CAR-01","WH-E","Customer Address","2023-12-16","In Transit"
"SHP-719","CAR-02","WH-E","Customer Address","2023-01-03","Delivered"
"SHP-720","CAR-02","WH-E","Customer Address","2022-10-18","In Transit"
"SHP-721","CAR-03","WH-A","Customer Address","2025-04-23","Delayed"
"SHP-722","CAR-02","WH-A","Customer Address","2024-12-23","Delayed"
"SHP-723","CAR-02","WH-E","Customer Address","2025-12-24","In Transit"
"SHP-724","CAR-03","WH-N","Customer Address","2024-09-02","Processing"
"SHP-725","CAR-04","WH-A","Customer Address","2024-08-05","Processing"
"SHP-726","CAR-03","WH-N","Customer Address","2022-01-14","Delivered"
"SHP-727","CAR-01","WH-N","Customer Address","2025-12-02","In Transit"
"SHP-728","CAR-03","WH-A","Customer Address","2024-07-18","Processing"
"SHP-729","CAR-01","WH-E","Customer Address","2022-05-04","Delivered"
"SHP-730","CAR-02","WH-N","Customer Address","2022-03-14","Processing"
"SHP-731","CAR-02","WH-E","Customer Address","2022-04-04","Processing"
"SHP-732","CAR-02","WH-E","Customer Address","2023-06-26","Delivered"
"SHP-733","CAR-02","WH-N","Customer Address","2024-09-22","In Transit"
"SHP-734","CAR-01","WH-A","Customer Address","2024-06-17","Delivered"
"SHP-735","CAR-01","WH-A","Customer Address","2025-08-24","In Transit"
"SHP-736","CAR-03","WH-A","Customer Address","2024-02-15","In Transit"
"SHP-737","CAR-01","WH-A","Customer Address","2025-03-02","In Transit"
"SHP-738","CAR-01","WH-N","Customer Address","2024-07-30","Delayed"
"SHP-739","CAR-02","WH-N","Customer Address","2022-12-07","Delivered"
"SHP-740","CAR-04","WH-N","Customer Address","2025-11-11","Processing"
"SHP-741","CAR-01","WH-N","Customer Address","2023-04-16","Processing"
"SHP-742","CAR-02","WH-A","Customer Address","2023-03-11","In Transit"
"SHP-743","CAR-04","WH-N","Customer Address","2024-01-05","Delivered"
"SHP-744","CAR-03","WH-N","Customer Address","2022-08-24","Processing"
"SHP-745","CAR-04","WH-E","Customer Address","2026-05-06","Delayed"
"SHP-746","CAR-04","WH-E","Customer Address","2025-11-13","Delayed"
"SHP-747","CAR-01","WH-E","Customer Address","2026-03-31","In Transit"
"SHP-748","CAR-01","WH-E","Customer Address","2025-01-21","Delivered"
"SHP-749","CAR-04","WH-N","Customer Address","2025-08-14","Delayed"
"SHP-750","CAR-01","WH-N","Customer Address","2023-11-16","In Transit"
"SHP-751","CAR-01","WH-A","Customer Address","2022-09-27","Processing"
"SHP-752","CAR-02","WH-E","Customer Address","2022-07-17","Delivered"
"SHP-753","CAR-01","WH-A","Customer Address","2022-09-25","In Transit"
"SHP-754","CAR-03","WH-E","Customer Address","2023-05-18","Processing"
"SHP-755","CAR-04","WH-A","Customer Address","2022-07-24","Delayed"
"SHP-756","CAR-02","WH-N","Customer Address","2024-10-09","Delayed"
"SHP-757","CAR-02","WH-N","Customer Address","2025-07-07","Delivered"
"SHP-758","CAR-03","WH-E","Customer Address","2022-08-07","In Transit"
"SHP-759","CAR-01","WH-E","Customer Address","2023-01-21","Delayed"
"SHP-760","CAR-01","WH-A","Customer Address","2022-09-12","Delivered"
"SHP-761","CAR-02","WH-N","Customer Address","2023-11-04","Delayed"
"SHP-762","CAR-01","WH-N","Customer Address","2026-05-20","Delivered"
"SHP-763","CAR-04","WH-N","Customer Address","2022-12-29","In Transit"
"SHP-764","CAR-01","WH-N","Customer Address","2023-04-18","In Transit"
"SHP-765","CAR-04","WH-E","Customer Address","2022-01-17","In Transit"
"SHP-766","CAR-04","WH-E","Customer Address","2022-10-04","Delivered"
"SHP-767","CAR-04","WH-N","Customer Address","2022-12-31","In Transit"
"SHP-768","CAR-02","WH-A","Customer Address","2023-10-02","Processing"
"SHP-769","CAR-02","WH-E","Customer Address","2025-08-21","Delivered"
"SHP-770","CAR-02","WH-N","Customer Address","2022-02-10","Delivered"
"SHP-771","CAR-04","WH-N","Customer Address","2022-10-05","Delayed"
"SHP-772","CAR-03","WH-N","Customer Address","2025-08-01","In Transit"
"SHP-773","CAR-01","WH-A","Customer Address","2024-11-02","Processing"
"SHP-774","CAR-01","WH-N","Customer Address","2024-06-30","Processing"
"SHP-775","CAR-04","WH-N","Customer Address","2026-02-03","Delayed"
"SHP-776","CAR-02","WH-A","Customer Address","2024-05-25","Delivered"
"SHP-777","CAR-02","WH-E","Customer Address","2025-08-23","Delayed"
"SHP-778","CAR-04","WH-N","Customer Address","2026-01-14","Processing"
"SHP-779","CAR-04","WH-A","Customer Address","2023-09-02","Processing"
"SHP-780","CAR-02","WH-N","Customer Address","2024-09-25","Processing"
"SHP-781","CAR-04","WH-A","Customer Address","2023-05-18","Delayed"
"SHP-782","CAR-01","WH-A","Customer Address","2024-07-21","Delivered"
"SHP-783","CAR-04","WH-N","Customer Address","2026-04-09","Delayed"
"SHP-784","CAR-03","WH-E","Customer Address","2025-01-13","Delayed"
"SHP-785","CAR-04","WH-N","Customer Address","2025-04-21","Processing"
"SHP-786","CAR-01","WH-A","Customer Address","2026-01-11","In Transit"
"SHP-787","CAR-03","WH-E","Customer Address","2024-12-30","In Transit"
"SHP-788","CAR-02","WH-A","Customer Address","2024-07-09","In Transit"
"SHP-789","CAR-02","WH-N","Customer Address","2023-10-21","Delayed"
"SHP-790","CAR-01","WH-A","Customer Address","2023-06-11","Processing"
"SHP-791","CAR-02","WH-A","Customer Address","2022-05-25","Delayed"
"SHP-792","CAR-02","WH-A","Customer Address","2022-05-07","In Transit"
"SHP-793","CAR-01","WH-E","Customer Address","2024-11-07","Delayed"
"SHP-794","CAR-04","WH-N","Customer Address","2022-08-27","Processing"
"SHP-795","CAR-02","WH-A","Customer Address","2023-09-02","Delayed"
"SHP-796","CAR-04","WH-E","Customer Address","2022-10-12","Processing"
"SHP-797","CAR-02","WH-N","Customer Address","2024-01-14","In Transit"
"SHP-798","CAR-03","WH-E","Customer Address","2023-09-04","In Transit"
"SHP-799","CAR-02","WH-N","Customer Address","2025-05-08","Delayed"
"SHP-800","CAR-02","WH-A","Customer Address","2023-12-23","Delayed"
"SHP-801","CAR-04","WH-E","Customer Address","2022-03-05","Delayed"
"SHP-802","CAR-03","WH-N","Customer Address","2024-11-18","Processing"
"SHP-803","CAR-04","WH-E","Customer Address","2023-10-30","In Transit"
"SHP-804","CAR-01","WH-N","Customer Address","2024-05-29","Delivered"
"SHP-805","CAR-03","WH-A","Customer Address","2024-11-25","In Transit"
"SHP-806","CAR-02","WH-E","Customer Address","2023-08-28","Delivered"
"SHP-807","CAR-04","WH-E","Customer Address","2023-02-18","In Transit"
"SHP-808","CAR-04","WH-E","Customer Address","2025-05-14","In Transit"
"SHP-809","CAR-03","WH-N","Customer Address","2024-04-30","Delivered"
"SHP-810","CAR-03","WH-A","Customer Address","2022-02-07","In Transit"
"SHP-811","CAR-04","WH-A","Customer Address","2025-11-13","Delayed"
"SHP-812","CAR-02","WH-A","Customer Address","2023-03-04","Delayed"
"SHP-813","CAR-01","WH-E","Customer Address","2024-06-13","Delivered"
"SHP-814","CAR-03","WH-A","Customer Address","2023-04-19","In Transit"
"SHP-815","CAR-01","WH-A","Customer Address","2023-05-27","Delivered"
"SHP-816","CAR-03","WH-N","Customer Address","2022-04-16","Delivered"
"SHP-817","CAR-02","WH-E","Customer Address","2025-07-21","Processing"
"SHP-818","CAR-04","WH-E","Customer Address","2023-01-02","Delivered"
"SHP-819","CAR-01","WH-E","Customer Address","2025-04-14","Processing"
"SHP-820","CAR-03","WH-E","Customer Address","2023-08-05","Delayed"
"SHP-821","CAR-02","WH-A","Customer Address","2022-06-26","Delayed"
"SHP-822","CAR-04","WH-E","Customer Address","2022-06-30","Delivered"
"SHP-823","CAR-02","WH-E","Customer Address","2026-01-23","Delayed"
"SHP-824","CAR-04","WH-E","Customer Address","2022-10-21","Delayed"
"SHP-825","CAR-04","WH-E","Customer Address","2024-08-10","Delivered"
"SHP-826","CAR-02","WH-N","Customer Address","2022-10-27","Delayed"
"SHP-827","CAR-03","WH-E","Customer Address","2024-08-02","Processing"
"SHP-828","CAR-02","WH-A","Customer Address","2024-08-15","Processing"
"SHP-829","CAR-02","WH-N","Customer Address","2025-09-19","Delivered"
"SHP-830","CAR-01","WH-E","Customer Address","2022-02-09","Processing"
"SHP-831","CAR-01","WH-N","Customer Address","2023-01-25","Processing"
"SHP-832","CAR-04","WH-A","Customer Address","2024-12-28","In Transit"
"SHP-833","CAR-02","WH-A","Customer Address","2024-06-15","Delayed"
"SHP-834","CAR-04","WH-E","Customer Address","2025-07-18","Processing"
"SHP-835","CAR-04","WH-N","Customer Address","2025-06-07","Delivered"
"SHP-836","CAR-01","WH-N","Customer Address","2022-11-18","Delayed"
"SHP-837","CAR-04","WH-E","Customer Address","2026-05-23","In Transit"
"SHP-838","CAR-01","WH-E","Customer Address","2025-08-16","Delivered"
"SHP-839","CAR-01","WH-E","Customer Address","2022-11-27","Processing"
"SHP-840","CAR-01","WH-A","Customer Address","2022-01-03","Delayed"
"SHP-841","CAR-02","WH-N","Customer Address","2022-10-18","Processing"
"SHP-842","CAR-02","WH-E","Customer Address","2026-02-21","Delayed"
"SHP-843","CAR-03","WH-E","Customer Address","2026-04-19","Processing"
"SHP-844","CAR-04","WH-E","Customer Address","2023-04-04","Delivered"
"SHP-845","CAR-01","WH-N","Customer Address","2024-10-26","Delayed"
"SHP-846","CAR-01","WH-N","Customer Address","2023-08-27","Processing"
"SHP-847","CAR-02","WH-N","Customer Address","2023-06-26","Delivered"
"SHP-848","CAR-04","WH-N","Customer Address","2022-03-05","Delivered"
"SHP-849","CAR-02","WH-E","Customer Address","2025-07-28","Processing"
"SHP-850","CAR-02","WH-N","Customer Address","2024-10-25","Delivered"
"SHP-851","CAR-02","WH-E","Customer Address","2022-12-12","Delivered"
"SHP-852","CAR-03","WH-A","Customer Address","2023-04-01","Delayed"
"SHP-853","CAR-02","WH-E","Customer Address","2024-10-23","Delivered"
"SHP-854","CAR-04","WH-N","Customer Address","2024-04-03","Delayed"
"SHP-855","CAR-01","WH-A","Customer Address","2024-01-09","Processing"
"SHP-856","CAR-02","WH-E","Customer Address","2023-09-19","Delayed"
"SHP-857","CAR-04","WH-E","Customer Address","2024-05-14","Processing"
"SHP-858","CAR-04","WH-N","Customer Address","2026-02-02","Delayed"
"SHP-859","CAR-02","WH-A","Customer Address","2023-06-23","Delivered"
"SHP-860","CAR-02","WH-N","Customer Address","2023-11-16","Delivered"
"SHP-861","CAR-02","WH-E","Customer Address","2024-05-16","Delivered"
"SHP-862","CAR-01","WH-E","Customer Address","2026-05-05","Delivered"
"SHP-863","CAR-03","WH-E","Customer Address","2025-12-07","Delivered"
"SHP-864","CAR-02","WH-A","Customer Address","2025-02-25","In Transit"
"SHP-865","CAR-02","WH-E","Customer Address","2024-12-29","Processing"
"SHP-866","CAR-04","WH-A","Customer Address","2024-09-04","Delivered"
"SHP-867","CAR-03","WH-A","Customer Address","2022-05-10","Delayed"
"SHP-868","CAR-02","WH-A","Customer Address","2025-12-06","In Transit"
"SHP-869","CAR-03","WH-N","Customer Address","2023-09-29","In Transit"
"SHP-870","CAR-02","WH-E","Customer Address","2024-12-02","In Transit"
"SHP-871","CAR-04","WH-A","Customer Address","2024-01-05","Delivered"
"SHP-872","CAR-02","WH-E","Customer Address","2026-01-04","Processing"
"SHP-873","CAR-04","WH-N","Customer Address","2022-09-12","Processing"
"SHP-874","CAR-03","WH-A","Customer Address","2023-03-27","Processing"
"SHP-875","CAR-03","WH-E","Customer Address","2026-02-06","Delivered"
"SHP-876","CAR-03","WH-E","Customer Address","2023-06-13","Delivered"
"SHP-877","CAR-04","WH-A","Customer Address","2022-05-16","Processing"
"SHP-878","CAR-04","WH-E","Customer Address","2025-06-18","Processing"
"SHP-879","CAR-02","WH-E","Customer Address","2024-04-29","In Transit"
"SHP-880","CAR-02","WH-A","Customer Address","2025-04-17","Delivered"
"SHP-881","CAR-04","WH-A","Customer Address","2024-10-30","In Transit"
"SHP-882","CAR-01","WH-A","Customer Address","2022-02-08","Delayed"
"SHP-883","CAR-02","WH-E","Customer Address","2026-04-28","In Transit"
"SHP-884","CAR-01","WH-E","Customer Address","2022-07-25","Processing"
"SHP-885","CAR-04","WH-N","Customer Address","2025-02-16","Delayed"
"SHP-886","CAR-01","WH-E","Customer Address","2026-05-05","Delivered"
"SHP-887","CAR-01","WH-A","Customer Address","2022-02-04","Delivered"
"SHP-888","CAR-02","WH-A","Customer Address","2024-07-03","Processing"
"SHP-889","CAR-04","WH-E","Customer Address","2023-08-03","Delivered"
"SHP-890","CAR-04","WH-N","Customer Address","2026-02-27","Delayed"
"SHP-891","CAR-02","WH-N","Customer Address","2024-01-03","Processing"
"SHP-892","CAR-02","WH-E","Customer Address","2023-06-07","Delayed"
"SHP-893","CAR-03","WH-E","Customer Address","2024-02-03","Processing"
"SHP-894","CAR-02","WH-A","Customer Address","2024-01-22","Delivered"
"SHP-895","CAR-03","WH-N","Customer Address","2022-04-23","Delayed"
"SHP-896","CAR-01","WH-A","Customer Address","2023-01-15","In Transit"
"SHP-897","CAR-03","WH-A","Customer Address","2023-02-16","Delivered"
"SHP-898","CAR-02","WH-E","Customer Address","2024-12-22","In Transit"
"SHP-899","CAR-04","WH-A","Customer Address","2025-08-15","Processing"
"SHP-900","CAR-02","WH-E","Customer Address","2025-12-17","Delayed"
"SHP-901","CAR-01","WH-A","Customer Address","2024-07-03","Delivered"
"SHP-902","CAR-02","WH-N","Customer Address","2025-10-13","In Transit"
"SHP-903","CAR-01","WH-N","Customer Address","2025-06-05","Delayed"
"SHP-904","CAR-01","WH-E","Customer Address","2022-05-02","Processing"
"SHP-905","CAR-02","WH-E","Customer Address","2022-07-20","Delayed"
"SHP-906","CAR-02","WH-A","Customer Address","2025-02-10","Processing"
"SHP-907","CAR-03","WH-A","Customer Address","2022-05-10","Delivered"
"SHP-908","CAR-02","WH-A","Customer Address","2023-04-18","Delayed"
"SHP-909","CAR-01","WH-A","Customer Address","2024-04-09","Delayed"
"SHP-910","CAR-01","WH-E","Customer Address","2023-03-24","Delayed"
"SHP-911","CAR-01","WH-A","Customer Address","2023-01-06","Delivered"
"SHP-912","CAR-02","WH-N","Customer Address","2023-11-18","Delivered"
"SHP-913","CAR-01","WH-N","Customer Address","2026-04-06","In Transit"
"SHP-914","CAR-01","WH-A","Customer Address","2022-01-28","Delayed"
"SHP-915","CAR-04","WH-N","Customer Address","2022-01-03","Delayed"
"SHP-916","CAR-04","WH-A","Customer Address","2025-06-06","Delivered"
"SHP-917","CAR-01","WH-E","Customer Address","2022-03-13","Processing"
"SHP-918","CAR-01","WH-A","Customer Address","2025-08-30","Processing"
"SHP-919","CAR-02","WH-N","Customer Address","2024-05-23","Processing"
"SHP-920","CAR-04","WH-N","Customer Address","2026-01-20","Processing"
"SHP-921","CAR-03","WH-E","Customer Address","2023-05-31","Delivered"
"SHP-922","CAR-02","WH-E","Customer Address","2023-01-31","Delayed"
"SHP-923","CAR-02","WH-A","Customer Address","2022-07-01","Delayed"
"SHP-924","CAR-02","WH-E","Customer Address","2024-12-20","Delivered"
"SHP-925","CAR-03","WH-E","Customer Address","2023-08-10","In Transit"
"SHP-926","CAR-02","WH-A","Customer Address","2025-09-29","Delivered"
"SHP-927","CAR-02","WH-N","Customer Address","2024-12-13","Processing"
"SHP-928","CAR-03","WH-N","Customer Address","2023-10-07","Delayed"
"SHP-929","CAR-02","WH-A","Customer Address","2023-11-25","In Transit"
"SHP-930","CAR-02","WH-A","Customer Address","2024-10-06","Delivered"
"SHP-931","CAR-02","WH-N","Customer Address","2026-02-02","In Transit"
"SHP-932","CAR-01","WH-A","Customer Address","2022-09-26","Delayed"
"SHP-933","CAR-02","WH-N","Customer Address","2022-01-14","In Transit"
"SHP-934","CAR-03","WH-E","Customer Address","2023-08-04","In Transit"
"SHP-935","CAR-01","WH-E","Customer Address","2025-10-01","Delivered"
"SHP-936","CAR-01","WH-N","Customer Address","2024-04-01","Processing"
"SHP-937","CAR-04","WH-N","Customer Address","2026-04-02","Processing"
"SHP-938","CAR-01","WH-E","Customer Address","2023-11-20","Processing"
"SHP-939","CAR-01","WH-N","Customer Address","2022-06-16","Processing"
"SHP-940","CAR-01","WH-E","Customer Address","2026-01-30","Delayed"
"SHP-941","CAR-03","WH-E","Customer Address","2026-02-18","Delayed"
"SHP-942","CAR-04","WH-E","Customer Address","2025-01-15","Processing"
"SHP-943","CAR-02","WH-E","Customer Address","2025-06-19","Delivered"
"SHP-944","CAR-04","WH-E","Customer Address","2025-12-09","In Transit"
"SHP-945","CAR-02","WH-E","Customer Address","2023-03-11","Delayed"
"SHP-946","CAR-03","WH-N","Customer Address","2023-12-18","Delayed"
"SHP-947","CAR-03","WH-A","Customer Address","2025-06-12","Delivered"
"SHP-948","CAR-01","WH-E","Customer Address","2023-08-09","In Transit"
"SHP-949","CAR-04","WH-N","Customer Address","2025-01-21","Delivered"
"SHP-950","CAR-02","WH-N","Customer Address","2024-03-04","Delivered"
"SHP-951","CAR-01","WH-N","Customer Address","2024-06-13","Delivered"
"SHP-952","CAR-04","WH-N","Customer Address","2024-02-26","Processing"
"SHP-953","CAR-01","WH-A","Customer Address","2022-02-14","Delayed"
"SHP-954","CAR-01","WH-E","Customer Address","2024-11-12","In Transit"
"SHP-955","CAR-04","WH-N","Customer Address","2025-01-15","Processing"
"SHP-956","CAR-03","WH-N","Customer Address","2022-12-31","Delayed"
"SHP-957","CAR-04","WH-A","Customer Address","2024-08-09","In Transit"
"SHP-958","CAR-04","WH-E","Customer Address","2023-10-08","In Transit"
"SHP-959","CAR-04","WH-A","Customer Address","2023-12-11","In Transit"
"SHP-960","CAR-02","WH-N","Customer Address","2022-06-30","Processing"
"SHP-961","CAR-04","WH-N","Customer Address","2024-09-27","Delivered"
"SHP-962","CAR-04","WH-E","Customer Address","2024-01-02","Processing"
"SHP-963","CAR-03","WH-A","Customer Address","2023-06-09","Delivered"
"SHP-964","CAR-02","WH-A","Customer Address","2025-05-12","Delayed"
"SHP-965","CAR-02","WH-A","Customer Address","2024-10-26","In Transit"
"SHP-966","CAR-04","WH-N","Customer Address","2024-07-14","Processing"
"SHP-967","CAR-02","WH-A","Customer Address","2023-06-07","In Transit"
"SHP-968","CAR-02","WH-E","Customer Address","2022-08-17","Delayed"
"SHP-969","CAR-04","WH-N","Customer Address","2025-06-28","In Transit"
"SHP-970","CAR-03","WH-E","Customer Address","2023-06-14","Delivered"
"SHP-971","CAR-01","WH-E","Customer Address","2025-05-15","Delivered"
"SHP-972","CAR-02","WH-N","Customer Address","2024-06-07","Processing"
"SHP-973","CAR-02","WH-E","Customer Address","2024-09-30","Processing"
"SHP-974","CAR-03","WH-E","Customer Address","2022-01-20","Processing"
"SHP-975","CAR-04","WH-N","Customer Address","2024-03-26","Processing"
"SHP-976","CAR-03","WH-N","Customer Address","2026-02-18","Processing"
"SHP-977","CAR-02","WH-N","Customer Address","2024-08-17","Processing"
"SHP-978","CAR-01","WH-A","Customer Address","2023-06-07","Delivered"
"SHP-979","CAR-02","WH-A","Customer Address","2025-03-13","Delivered"
"SHP-980","CAR-03","WH-E","Customer Address","2025-05-17","Delivered"
"SHP-981","CAR-04","WH-E","Customer Address","2025-12-10","In Transit"
"SHP-982","CAR-01","WH-A","Customer Address","2022-10-07","Delayed"
"SHP-983","CAR-01","WH-E","Customer Address","2023-10-01","Processing"
"SHP-984","CAR-01","WH-N","Customer Address","2022-04-03","Delivered"
"SHP-985","CAR-03","WH-A","Customer Address","2022-01-13","Delayed"
"SHP-986","CAR-02","WH-A","Customer Address","2026-04-03","In Transit"
"SHP-987","CAR-02","WH-E","Customer Address","2023-11-02","Processing"
"SHP-988","CAR-02","WH-E","Customer Address","2022-09-03","Delayed"
"SHP-989","CAR-02","WH-A","Customer Address","2025-05-23","Delayed"
"SHP-990","CAR-01","WH-A","Customer Address","2024-01-29","In Transit"
"SHP-991","CAR-02","WH-A","Customer Address","2025-09-17","In Transit"
"SHP-992","CAR-01","WH-N","Customer Address","2022-04-28","Delayed"
"SHP-993","CAR-03","WH-A","Customer Address","2026-05-22","In Transit"
"SHP-994","CAR-04","WH-E","Customer Address","2025-03-03","Processing"
"SHP-995","CAR-03","WH-E","Customer Address","2023-07-11","Delivered"
"SHP-996","CAR-02","WH-E","Customer Address","2025-06-06","Processing"
"SHP-997","CAR-02","WH-N","Customer Address","2023-05-14","Processing"
"SHP-998","CAR-02","WH-E","Customer Address","2025-08-09","Delivered"
"SHP-999","CAR-02","WH-A","Customer Address","2023-05-27","Delayed"
"SHP-1000","CAR-02","WH-A","Customer Address","2024-03-30","Delivered"